pointsTotal,franchise_id,name,logo,seed,clinch,projectedQual,qual,record,apPct,ppg,pot,off,deff,wins,predPct,finish,playoffSeed,odds,div,bye,playoffProbability,divisionProbability,byeProbability,projectedPotentialPoints,winDetails,actualDetails,potentialApRecord,h2hRecord,bonusRecord,apRecord,remainingSos
269.8,0004,Washington Commanders,https://a.espncdn.com/i/teamlogos/nfl/500/wsh.png,1,,y,y,1-0,1.0,269.8,305.4,163.3,106.5,11.6871,65.1597311827957,1,1,82%,50%,31%,0.823,0.4987,0.3112,3050.4267268000444,"{'currentWins': 1.0, 'matchups': [{'week': 2, 'opponent': 'New Orleans Saints', 'opponentLogo': 'https://a.espncdn.com/i/teamlogos/nfl/500/no.png', 'opponentAbbr': 'NOS', 'site': 'v.', 'probability': 0.5519}, {'week': 3, 'opponent': 'Philadelphia Eagles', 'opponentLogo': 'https://a.espncdn.com/i/teamlogos/nfl/500/phi.png', 'opponentAbbr': 'PHI', 'site': 'v.', 'probability': 0.5119}, {'week': 4, 'opponent': 'San Francisco 49ers', 'opponentLogo': 'https://a.espncdn.com/i/teamlogos/nfl/500/sf.png', 'opponentAbbr': 'SFO', 'site': 'v.', 'probability': 0.6098}, {'week': 5, 'opponent': 'Dallas Cowboys', 'opponentLogo': 'https://a.espncdn.com/i/teamlogos/nfl/500/dal.png', 'opponentAbbr': 'DAL', 'site': '@', 'probability': 0.62725}, {'week': 6, 'opponent': 'Detroit Lions', 'opponentLogo': 'https://a.espncdn.com/i/teamlogos/nfl/500/det.png', 'opponentAbbr': 'DET', 'site': '@', 'probability': 0.62045}, {'week': 7, 'opponent': 'Tampa Bay Buccaneers', 'opponentLogo': 'https://a.espncdn.com/i/teamlogos/nfl/500/tb.png', 'opponentAbbr': 'TBB', 'site': '@', 'probability': 0.6102}, {'week': 8, 'opponent': 'New York Giants', 'opponentLogo': 'https://a.espncdn.com/i/teamlogos/nfl/500/nyg.png', 'opponentAbbr': 'NYG', 'site': 'v.', 'probability': 0.6479}, {'week': 9, 'opponent': 'Los Angeles Rams', 'opponentLogo': 'https://a.espncdn.com/i/teamlogos/nfl/500/lar.png', 'opponentAbbr': 'LAR', 'site': '@', 'probability': 0.70585}, {'week': 10, 'opponent': 'Philadelphia Eagles', 'opponentLogo': 'https://a.espncdn.com/i/teamlogos/nfl/500/phi.png', 'opponentAbbr': 'PHI', 'site': '@', 'probability': 0.4973}, {'week': 11, 'opponent': 'Minnesota Vikings', 'opponentLogo': 'https://a.espncdn.com/i/teamlogos/nfl/500/min.png', 'opponentAbbr': 'MIN', 'site': 'v.', 'probability': 0.5842}, {'week': 12, 'opponent': 'Dallas Cowboys', 'opponentLogo': 'https://a.espncdn.com/i/teamlogos/nfl/500/dal.png', 'opponentAbbr': 'DAL', 'site': 'v.', 'probability': 0.6304}], 'bonusGames': [{'label': 'Q1 Bonus Game', 'week': 3, 'probability': 0.9471}, {'label': 'Q2 Bonus Game', 'week': 6, 'probability': 0.7447666666666666}, {'label': 'Q3 Bonus Game', 'week': 9, 'probability': 0.7447666666666666}, {'label': 'Q4 Bonus Game', 'week': 12, 'probability': 0.7447666666666666}, {'label': 'Regular Season Bonus Game', 'week': 12, 'probability': 0.90855}]}","{'weeks': [{'week': 1, 'points': 269.8, 'weeklyMoney': True, 'allPlayRecord': '31-0', 'allPlayPct': 1.0}], 'matchups': [{'week': 1, 'opponent': 'New York Giants', 'opponentLogo': 'https://a.espncdn.com/i/teamlogos/nfl/500/nyg.png', 'opponentAbbr': 'NYG', 'site': '@', 'teamScore': 269.8, 'opponentScore': 171.6, 'result': 'W'}], 'bonusGames': []}",29-2,1-0,0-0,31-0,56.30498533724341
262.1,0001,Dallas Cowboys,https://a.espncdn.com/i/teamlogos/nfl/500/dal.png,2,,,x,1-0,0.9354838709677419,262.1,320.0,142.70000000000002,119.4,8.8694,51.94271505376344,8,NA,45%,14%,4%,0.4501,0.138,0.0444,2853.216482898605,"{'currentWins': 1.0, 'matchups': [{'week': 2, 'opponent': 'Carolina Panthers', 'opponentLogo': 'https://a.espncdn.com/i/teamlogos/nfl/500/car.png', 'opponentAbbr': 'CAR', 'site': 'v.', 'probability': 0.47275}, {'week': 3, 'opponent': 'New York Giants', 'opponentLogo': 'https://a.espncdn.com/i/teamlogos/nfl/500/nyg.png', 'opponentAbbr': 'NYG', 'site': '@', 'probability': 0.52335}, {'week': 4, 'opponent': 'Arizona Cardinals', 'opponentLogo': 'https://a.espncdn.com/i/teamlogos/nfl/500/ari.png', 'opponentAbbr': 'ARI', 'site': 'v.', 'probability': 0.4769}, {'week': 5, 'opponent': 'Washington Commanders', 'opponentLogo': 'https://a.espncdn.com/i/teamlogos/nfl/500/wsh.png', 'opponentAbbr': 'WAS', 'site': 'v.', 'probability': 0.37275}, {'week': 6, 'opponent': 'Minnesota Vikings', 'opponentLogo': 'https://a.espncdn.com/i/teamlogos/nfl/500/min.png', 'opponentAbbr': 'MIN', 'site': '@', 'probability': 0.449}, {'week': 7, 'opponent': 'Atlanta Falcons', 'opponentLogo': 'https://a.espncdn.com/i/teamlogos/nfl/500/atl.png', 'opponentAbbr': 'ATL', 'site': '@', 'probability': 0.5324}, {'week': 8, 'opponent': 'Philadelphia Eagles', 'opponentLogo': 'https://a.espncdn.com/i/teamlogos/nfl/500/phi.png', 'opponentAbbr': 'PHI', 'site': '@', 'probability': 0.36615}, {'week': 9, 'opponent': 'Seattle Seahawks', 'opponentLogo': 'https://a.espncdn.com/i/teamlogos/nfl/500/sea.png', 'opponentAbbr': 'SEA', 'site': '@', 'probability': 0.54205}, {'week': 10, 'opponent': 'New York Giants', 'opponentLogo': 'https://a.espncdn.com/i/teamlogos/nfl/500/nyg.png', 'opponentAbbr': 'NYG', 'site': 'v.', 'probability': 0.5191}, {'week': 11, 'opponent': 'Detroit Lions', 'opponentLogo': 'https://a.espncdn.com/i/teamlogos/nfl/500/det.png', 'opponentAbbr': 'DET', 'site': 'v.', 'probability': 0.48645}, {'week': 12, 'opponent': 'Washington Commanders', 'opponentLogo': 'https://a.espncdn.com/i/teamlogos/nfl/500/wsh.png', 'opponentAbbr': 'WAS', 'site': '@', 'probability': 0.3696}], 'bonusGames': [{'label': 'Q1 Bonus Game', 'week': 3, 'probability': 0.80795}, {'label': 'Q2 Bonus Game', 'week': 6, 'probability': 0.45921666666666666}, {'label': 'Q3 Bonus Game', 'week': 9, 'probability': 0.45921666666666666}, {'label': 'Q4 Bonus Game', 'week': 12, 'probability': 0.45921666666666666}, {'label': 'Regular Season Bonus Game', 'week': 12, 'probability': 0.5733}]}","{'weeks': [{'week': 1, 'points': 262.1, 'weeklyMoney': False, 'allPlayRecord': '29-2', 'allPlayPct': 0.9354838709677419}], 'matchups': [{'week': 1, 'opponent': 'Philadelphia Eagles', 'opponentLogo': 'https://a.espncdn.com/i/teamlogos/nfl/500/phi.png', 'opponentAbbr': 'PHI', 'site': 'v.', 'teamScore': 262.1, 'opponentScore': 236.0, 'result': 'W'}], 'bonusGames': []}",31-0,1-0,0-0,29-2,50.0
234.9,0010,Carolina Panthers,https://a.espncdn.com/i/teamlogos/nfl/500/car.png,3,,x,y,1-0,0.8064516129032258,234.9,253.6,138.5,96.4,9.6464,53.261223118279574,4,4,56%,31%,5%,0.5598,0.311,0.0522,2821.363639770523,"{'currentWins': 1.0, 'matchups': [{'week': 2, 'opponent': 'Dallas Cowboys', 'opponentLogo': 'https://a.espncdn.com/i/teamlogos/nfl/500/dal.png', 'opponentAbbr': 'DAL', 'site': '@', 'probability': 0.52725}, {'week': 3, 'opponent': 'Atlanta Falcons', 'opponentLogo': 'https://a.espncdn.com/i/teamlogos/nfl/500/atl.png', 'opponentAbbr': 'ATL', 'site': '@', 'probability': 0.56155}, {'week': 4, 'opponent': 'Chicago Bears', 'opponentLogo': 'https://a.espncdn.com/i/teamlogos/nfl/500/chi.png', 'opponentAbbr': 'CHI', 'site': '@', 'probability': 0.5135}, {'week': 5, 'opponent': 'New Orleans Saints', 'opponentLogo': 'https://a.espncdn.com/i/teamlogos/nfl/500/no.png', 'opponentAbbr': 'NOS', 'site': 'v.', 'probability': 0.4364}, {'week': 6, 'opponent': 'Seattle Seahawks', 'opponentLogo': 'https://a.espncdn.com/i/teamlogos/nfl/500/sea.png', 'opponentAbbr': 'SEA', 'site': 'v.', 'probability': 0.5719}, {'week': 7, 'opponent': 'New York Giants', 'opponentLogo': 'https://a.espncdn.com/i/teamlogos/nfl/500/nyg.png', 'opponentAbbr': 'NYG', 'site': 'v.', 'probability': 0.547}, {'week': 8, 'opponent': 'Tampa Bay Buccaneers', 'opponentLogo': 'https://a.espncdn.com/i/teamlogos/nfl/500/tb.png', 'opponentAbbr': 'TBB', 'site': '@', 'probability': 0.5047}, {'week': 9, 'opponent': 'Minnesota Vikings', 'opponentLogo': 'https://a.espncdn.com/i/teamlogos/nfl/500/min.png', 'opponentAbbr': 'MIN', 'site': 'v.', 'probability': 0.46695}, {'week': 10, 'opponent': 'Atlanta Falcons', 'opponentLogo': 'https://a.espncdn.com/i/teamlogos/nfl/500/atl.png', 'opponentAbbr': 'ATL', 'site': 'v.', 'probability': 0.5584}, {'week': 11, 'opponent': 'Los Angeles Rams', 'opponentLogo': 'https://a.espncdn.com/i/teamlogos/nfl/500/lar.png', 'opponentAbbr': 'LAR', 'site': '@', 'probability': 0.6002}, {'week': 12, 'opponent': 'New Orleans Saints', 'opponentLogo': 'https://a.espncdn.com/i/teamlogos/nfl/500/no.png', 'opponentAbbr': 'NOS', 'site': '@', 'probability': 0.4456}], 'bonusGames': [{'label': 'Q1 Bonus Game', 'week': 3, 'probability': 0.75515}, {'label': 'Q2 Bonus Game', 'week': 6, 'probability': 0.5134166666666667}, {'label': 'Q3 Bonus Game', 'week': 9, 'probability': 0.5134166666666667}, {'label': 'Q4 Bonus Game', 'week': 12, 'probability': 0.5134166666666667}, {'label': 'Regular Season Bonus Game', 'week': 12, 'probability': 0.61755}]}","{'weeks': [{'week': 1, 'points': 234.9, 'weeklyMoney': False, 'allPlayRecord': '25-6', 'allPlayPct': 0.8064516129032258}], 'matchups': [{'week': 1, 'opponent': 'Tampa Bay Buccaneers', 'opponentLogo': 'https://a.espncdn.com/i/teamlogos/nfl/500/tb.png', 'opponentAbbr': 'TBB', 'site': 'v.', 'teamScore': 234.9, 'opponentScore': 209.3, 'result': 'W'}], 'bonusGames': []}",17-14,1-0,0-0,25-6,39.589442815249264
224.8,0011,New Orleans Saints,https://a.espncdn.com/i/teamlogos/nfl/500/no.png,4,,y,x,1-0,0.7096774193548387,224.8,316.9,140.5,84.3,10.6429,57.73782258064516,3,3,70%,47%,12%,0.6979,0.4679,0.1173,2982.3326254316075,"{'currentWins': 1.0, 'matchups': [{'week': 2, 'opponent': 'Washington Commanders', 'opponentLogo': 'https://a.espncdn.com/i/teamlogos/nfl/500/wsh.png', 'opponentAbbr': 'WAS', 'site': '@', 'probability': 0.4481}, {'week': 3, 'opponent': 'Tampa Bay Buccaneers', 'opponentLogo': 'https://a.espncdn.com/i/teamlogos/nfl/500/tb.png', 'opponentAbbr': 'TBB', 'site': 'v.', 'probability': 0.56045}, {'week': 4, 'opponent': 'Green Bay Packers', 'opponentLogo': 'https://a.espncdn.com/i/teamlogos/nfl/500/gb.png', 'opponentAbbr': 'GBP', 'site': '@', 'probability': 0.58085}, {'week': 5, 'opponent': 'Carolina Panthers', 'opponentLogo': 'https://a.espncdn.com/i/teamlogos/nfl/500/car.png', 'opponentAbbr': 'CAR', 'site': '@', 'probability': 0.5636}, {'week': 6, 'opponent': 'Los Angeles Rams', 'opponentLogo': 'https://a.espncdn.com/i/teamlogos/nfl/500/lar.png', 'opponentAbbr': 'LAR', 'site': 'v.', 'probability': 0.65875}, {'week': 7, 'opponent': 'Philadelphia Eagles', 'opponentLogo': 'https://a.espncdn.com/i/teamlogos/nfl/500/phi.png', 'opponentAbbr': 'PHI', 'site': 'v.', 'probability': 0.446}, {'week': 8, 'opponent': 'Atlanta Falcons', 'opponentLogo': 'https://a.espncdn.com/i/teamlogos/nfl/500/atl.png', 'opponentAbbr': 'ATL', 'site': 'v.', 'probability': 0.61705}, {'week': 9, 'opponent': 'Detroit Lions', 'opponentLogo': 'https://a.espncdn.com/i/teamlogos/nfl/500/det.png', 'opponentAbbr': 'DET', 'site': 'v.', 'probability': 0.5584}, {'week': 10, 'opponent': 'Tampa Bay Buccaneers', 'opponentLogo': 'https://a.espncdn.com/i/teamlogos/nfl/500/tb.png', 'opponentAbbr': 'TBB', 'site': '@', 'probability': 0.56925}, {'week': 11, 'opponent': 'Seattle Seahawks', 'opponentLogo': 'https://a.espncdn.com/i/teamlogos/nfl/500/sea.png', 'opponentAbbr': 'SEA', 'site': '@', 'probability': 0.6302}, {'week': 12, 'opponent': 'Carolina Panthers', 'opponentLogo': 'https://a.espncdn.com/i/teamlogos/nfl/500/car.png', 'opponentAbbr': 'CAR', 'site': 'v.', 'probability': 0.5544}], 'bonusGames': [{'label': 'Q1 Bonus Game', 'week': 3, 'probability': 0.7724}, {'label': 'Q2 Bonus Game', 'week': 6, 'probability': 0.6411666666666667}, {'label': 'Q3 Bonus Game', 'week': 9, 'probability': 0.6411666666666667}, {'label': 'Q4 Bonus Game', 'week': 12, 'probability': 0.6411666666666667}, {'label': 'Regular Season Bonus Game', 'week': 12, 'probability': 0.75995}]}","{'weeks': [{'week': 1, 'points': 224.8, 'weeklyMoney': False, 'allPlayRecord': '22-9', 'allPlayPct': 0.7096774193548387}], 'matchups': [{'week': 1, 'opponent': 'Atlanta Falcons', 'opponentLogo': 'https://a.espncdn.com/i/teamlogos/nfl/500/atl.png', 'opponentAbbr': 'ATL', 'site': '@', 'teamScore': 224.8, 'opponentScore': 191.5, 'result': 'W'}], 'bonusGames': []}",30-1,1-0,0-0,22-9,55.27859237536658
219.9,0006,Detroit Lions,https://a.espncdn.com/i/teamlogos/nfl/500/det.png,5,,y,y,1-0,0.6451612903225806,219.9,247.7,99.1,120.8,9.0152,50.791505376344084,5,5,49%,33%,4%,0.4875,0.3251,0.0378,2817.6637270668534,"{'currentWins': 1.0, 'matchups': [{'week': 2, 'opponent': 'Los Angeles Rams', 'opponentLogo': 'https://a.espncdn.com/i/teamlogos/nfl/500/lar.png', 'opponentAbbr': 'LAR', 'site': 'v.', 'probability': 0.59095}, {'week': 3, 'opponent': 'Chicago Bears', 'opponentLogo': 'https://a.espncdn.com/i/teamlogos/nfl/500/chi.png', 'opponentAbbr': 'CHI', 'site': 'v.', 'probability': 0.50575}, {'week': 4, 'opponent': 'Atlanta Falcons', 'opponentLogo': 'https://a.espncdn.com/i/teamlogos/nfl/500/atl.png', 'opponentAbbr': 'ATL', 'site': 'v.', 'probability': 0.55025}, {'week': 5, 'opponent': 'Minnesota Vikings', 'opponentLogo': 'https://a.espncdn.com/i/teamlogos/nfl/500/min.png', 'opponentAbbr': 'MIN', 'site': '@', 'probability': 0.4586}, {'week': 6, 'opponent': 'Washington Commanders', 'opponentLogo': 'https://a.espncdn.com/i/teamlogos/nfl/500/wsh.png', 'opponentAbbr': 'WAS', 'site': 'v.', 'probability': 0.37955}, {'week': 7, 'opponent': 'Arizona Cardinals', 'opponentLogo': 'https://a.espncdn.com/i/teamlogos/nfl/500/ari.png', 'opponentAbbr': 'ARI', 'site': '@', 'probability': 0.48905}, {'week': 8, 'opponent': 'Green Bay Packers', 'opponentLogo': 'https://a.espncdn.com/i/teamlogos/nfl/500/gb.png', 'opponentAbbr': 'GBP', 'site': 'v.', 'probability': 0.5095}, {'week': 9, 'opponent': 'New Orleans Saints', 'opponentLogo': 'https://a.espncdn.com/i/teamlogos/nfl/500/no.png', 'opponentAbbr': 'NOS', 'site': '@', 'probability': 0.4416}, {'week': 10, 'opponent': 'Chicago Bears', 'opponentLogo': 'https://a.espncdn.com/i/teamlogos/nfl/500/chi.png', 'opponentAbbr': 'CHI', 'site': '@', 'probability': 0.5011}, {'week': 11, 'opponent': 'Dallas Cowboys', 'opponentLogo': 'https://a.espncdn.com/i/teamlogos/nfl/500/dal.png', 'opponentAbbr': 'DAL', 'site': '@', 'probability': 0.51355}, {'week': 12, 'opponent': 'Minnesota Vikings', 'opponentLogo': 'https://a.espncdn.com/i/teamlogos/nfl/500/min.png', 'opponentAbbr': 'MIN', 'site': 'v.', 'probability': 0.4599}], 'bonusGames': [{'label': 'Q1 Bonus Game', 'week': 3, 'probability': 0.6094}, {'label': 'Q2 Bonus Game', 'week': 6, 'probability': 0.49206666666666665}, {'label': 'Q3 Bonus Game', 'week': 9, 'probability': 0.49206666666666665}, {'label': 'Q4 Bonus Game', 'week': 12, 'probability': 0.49206666666666665}, {'label': 'Regular Season Bonus Game', 'week': 12, 'probability': 0.5298}]}","{'weeks': [{'week': 1, 'points': 219.9, 'weeklyMoney': False, 'allPlayRecord': '20-11', 'allPlayPct': 0.6451612903225806}], 'matchups': [{'week': 1, 'opponent': 'Green Bay Packers', 'opponentLogo': 'https://a.espncdn.com/i/teamlogos/nfl/500/gb.png', 'opponentAbbr': 'GBP', 'site': '@', 'teamScore': 219.9, 'opponentScore': 186.0, 'result': 'W'}], 'bonusGames': []}",15-16,1-0,0-0,20-11,40.322580645161295
189.9,0015,San Francisco 49ers,https://a.espncdn.com/i/teamlogos/nfl/500/sf.png,6,,y,y,1-0,0.41935483870967744,189.9,265.3,85.4,104.5,9.3413,50.26477150537635,6,6,56%,43%,3%,0.5553,0.4338,0.0332,2845.7489130248528,"{'currentWins': 1.0, 'matchups': [{'week': 2, 'opponent': 'Green Bay Packers', 'opponentLogo': 'https://a.espncdn.com/i/teamlogos/nfl/500/gb.png', 'opponentAbbr': 'GBP', 'site': '@', 'probability': 0.5244}, {'week': 3, 'opponent': 'Seattle Seahawks', 'opponentLogo': 'https://a.espncdn.com/i/teamlogos/nfl/500/sea.png', 'opponentAbbr': 'SEA', 'site': 'v.', 'probability': 0.59385}, {'week': 4, 'opponent': 'Washington Commanders', 'opponentLogo': 'https://a.espncdn.com/i/teamlogos/nfl/500/wsh.png', 'opponentAbbr': 'WAS', 'site': '@', 'probability': 0.3902}, {'week': 5, 'opponent': 'Arizona Cardinals', 'opponentLogo': 'https://a.espncdn.com/i/teamlogos/nfl/500/ari.png', 'opponentAbbr': 'ARI', 'site': 'v.', 'probability': 0.50535}, {'week': 6, 'opponent': 'Atlanta Falcons', 'opponentLogo': 'https://a.espncdn.com/i/teamlogos/nfl/500/atl.png', 'opponentAbbr': 'ATL', 'site': '@', 'probability': 0.5568}, {'week': 7, 'opponent': 'Minnesota Vikings', 'opponentLogo': 'https://a.espncdn.com/i/teamlogos/nfl/500/min.png', 'opponentAbbr': 'MIN', 'site': 'v.', 'probability': 0.4695}, {'week': 8, 'opponent': 'Los Angeles Rams', 'opponentLogo': 'https://a.espncdn.com/i/teamlogos/nfl/500/lar.png', 'opponentAbbr': 'LAR', 'site': '@', 'probability': 0.61065}, {'week': 9, 'opponent': 'New York Giants', 'opponentLogo': 'https://a.espncdn.com/i/teamlogos/nfl/500/nyg.png', 'opponentAbbr': 'NYG', 'site': 'v.', 'probability': 0.54265}, {'week': 10, 'opponent': 'Seattle Seahawks', 'opponentLogo': 'https://a.espncdn.com/i/teamlogos/nfl/500/sea.png', 'opponentAbbr': 'SEA', 'site': '@', 'probability': 0.5847}, {'week': 11, 'opponent': 'Tampa Bay Buccaneers', 'opponentLogo': 'https://a.espncdn.com/i/teamlogos/nfl/500/tb.png', 'opponentAbbr': 'TBB', 'site': 'v.', 'probability': 0.5149}, {'week': 12, 'opponent': 'Arizona Cardinals', 'opponentLogo': 'https://a.espncdn.com/i/teamlogos/nfl/500/ari.png', 'opponentAbbr': 'ARI', 'site': '@', 'probability': 0.5026}], 'bonusGames': [{'label': 'Q1 Bonus Game', 'week': 3, 'probability': 0.461}, {'label': 'Q2 Bonus Game', 'week': 6, 'probability': 0.5231}, {'label': 'Q3 Bonus Game', 'week': 9, 'probability': 0.5231}, {'label': 'Q4 Bonus Game', 'week': 12, 'probability': 0.5231}, {'label': 'Regular Season Bonus Game', 'week': 12, 'probability': 0.5154}]}","{'weeks': [{'week': 1, 'points': 189.9, 'weeklyMoney': False, 'allPlayRecord': '13-18', 'allPlayPct': 0.41935483870967744}], 'matchups': [{'week': 1, 'opponent': 'Los Angeles Rams', 'opponentLogo': 'https://a.espncdn.com/i/teamlogos/nfl/500/lar.png', 'opponentAbbr': 'LAR', 'site': 'v.', 'teamScore': 189.9, 'opponentScore': 142.4, 'result': 'W'}], 'bonusGames': []}",23-8,1-0,0-0,13-18,30.351906158357767
184.8,0013,Arizona Cardinals,https://a.espncdn.com/i/teamlogos/nfl/500/ari.png,7,,x,x,1-0,0.3225806451612903,184.8,223.0,60.400000000000006,124.4,9.18425,49.250846774193555,7,7,53%,40%,3%,0.5284,0.3994,0.0274,2772.9353098656015,"{'currentWins': 1.0, 'matchups': [{'week': 2, 'opponent': 'Chicago Bears', 'opponentLogo': 'https://a.espncdn.com/i/teamlogos/nfl/500/chi.png', 'opponentAbbr': 'CHI', 'site': '@', 'probability': 0.51635}, {'week': 3, 'opponent': 'Los Angeles Rams', 'opponentLogo': 'https://a.espncdn.com/i/teamlogos/nfl/500/lar.png', 'opponentAbbr': 'LAR', 'site': '@', 'probability': 0.5992}, {'week': 4, 'opponent': 'Dallas Cowboys', 'opponentLogo': 'https://a.espncdn.com/i/teamlogos/nfl/500/dal.png', 'opponentAbbr': 'DAL', 'site': '@', 'probability': 0.5231}, {'week': 5, 'opponent': 'San Francisco 49ers', 'opponentLogo': 'https://a.espncdn.com/i/teamlogos/nfl/500/sf.png', 'opponentAbbr': 'SFO', 'site': '@', 'probability': 0.49465}, {'week': 6, 'opponent': 'Tampa Bay Buccaneers', 'opponentLogo': 'https://a.espncdn.com/i/teamlogos/nfl/500/tb.png', 'opponentAbbr': 'TBB', 'site': '@', 'probability': 0.5064}, {'week': 7, 'opponent': 'Detroit Lions', 'opponentLogo': 'https://a.espncdn.com/i/teamlogos/nfl/500/det.png', 'opponentAbbr': 'DET', 'site': 'v.', 'probability': 0.51095}, {'week': 8, 'opponent': 'Seattle Seahawks', 'opponentLogo': 'https://a.espncdn.com/i/teamlogos/nfl/500/sea.png', 'opponentAbbr': 'SEA', 'site': 'v.', 'probability': 0.57335}, {'week': 9, 'opponent': 'Philadelphia Eagles', 'opponentLogo': 'https://a.espncdn.com/i/teamlogos/nfl/500/phi.png', 'opponentAbbr': 'PHI', 'site': 'v.', 'probability': 0.3885}, {'week': 10, 'opponent': 'Los Angeles Rams', 'opponentLogo': 'https://a.espncdn.com/i/teamlogos/nfl/500/lar.png', 'opponentAbbr': 'LAR', 'site': 'v.', 'probability': 0.60295}, {'week': 11, 'opponent': 'Atlanta Falcons', 'opponentLogo': 'https://a.espncdn.com/i/teamlogos/nfl/500/atl.png', 'opponentAbbr': 'ATL', 'site': 'v.', 'probability': 0.56345}, {'week': 12, 'opponent': 'San Francisco 49ers', 'opponentLogo': 'https://a.espncdn.com/i/teamlogos/nfl/500/sf.png', 'opponentAbbr': 'SFO', 'site': 'v.', 'probability': 0.4974}], 'bonusGames': [{'label': 'Q1 Bonus Game', 'week': 3, 'probability': 0.3735}, {'label': 'Q2 Bonus Game', 'week': 6, 'probability': 0.5180833333333333}, {'label': 'Q3 Bonus Game', 'week': 9, 'probability': 0.5180833333333333}, {'label': 'Q4 Bonus Game', 'week': 12, 'probability': 0.5180833333333333}, {'label': 'Regular Season Bonus Game', 'week': 12, 'probability': 0.4802}]}","{'weeks': [{'week': 1, 'points': 184.8, 'weeklyMoney': False, 'allPlayRecord': '10-21', 'allPlayPct': 0.3225806451612903}], 'matchups': [{'week': 1, 'opponent': 'Seattle Seahawks', 'opponentLogo': 'https://a.espncdn.com/i/teamlogos/nfl/500/sea.png', 'opponentAbbr': 'SEA', 'site': '@', 'teamScore': 184.8, 'opponentScore': 119.7, 'result': 'W'}], 'bonusGames': []}",7-24,1-0,0-0,10-21,42.37536656891495
236.0,0003,Philadelphia Eagles,https://a.espncdn.com/i/teamlogos/nfl/500/phi.png,8,,x,,0-1,0.8387096774193549,236.0,258.2,161.2,74.8,10.6576,63.70217741935485,2,2,73%,32%,26%,0.7298,0.3212,0.2554,2994.116184660103,"{'currentWins': 0.0, 'matchups': [{'week': 2, 'opponent': 'Tampa Bay Buccaneers', 'opponentLogo': 'https://a.espncdn.com/i/teamlogos/nfl/500/tb.png', 'opponentAbbr': 'TBB', 'site': 'v.', 'probability': 0.61865}, {'week': 3, 'opponent': 'Washington Commanders', 'opponentLogo': 'https://a.espncdn.com/i/teamlogos/nfl/500/wsh.png', 'opponentAbbr': 'WAS', 'site': '@', 'probability': 0.4881}, {'week': 4, 'opponent': 'Seattle Seahawks', 'opponentLogo': 'https://a.espncdn.com/i/teamlogos/nfl/500/sea.png', 'opponentAbbr': 'SEA', 'site': 'v.', 'probability': 0.6762}, {'week': 5, 'opponent': 'New York Giants', 'opponentLogo': 'https://a.espncdn.com/i/teamlogos/nfl/500/nyg.png', 'opponentAbbr': 'NYG', 'site': '@', 'probability': 0.6485}, {'week': 6, 'opponent': 'Chicago Bears', 'opponentLogo': 'https://a.espncdn.com/i/teamlogos/nfl/500/chi.png', 'opponentAbbr': 'CHI', 'site': '@', 'probability': 0.6308}, {'week': 7, 'opponent': 'New Orleans Saints', 'opponentLogo': 'https://a.espncdn.com/i/teamlogos/nfl/500/no.png', 'opponentAbbr': 'NOS', 'site': '@', 'probability': 0.554}, {'week': 8, 'opponent': 'Dallas Cowboys', 'opponentLogo': 'https://a.espncdn.com/i/teamlogos/nfl/500/dal.png', 'opponentAbbr': 'DAL', 'site': 'v.', 'probability': 0.63385}, {'week': 9, 'opponent': 'Arizona Cardinals', 'opponentLogo': 'https://a.espncdn.com/i/teamlogos/nfl/500/ari.png', 'opponentAbbr': 'ARI', 'site': '@', 'probability': 0.6115}, {'week': 10, 'opponent': 'Washington Commanders', 'opponentLogo': 'https://a.espncdn.com/i/teamlogos/nfl/500/wsh.png', 'opponentAbbr': 'WAS', 'site': 'v.', 'probability': 0.5027}, {'week': 11, 'opponent': 'Green Bay Packers', 'opponentLogo': 'https://a.espncdn.com/i/teamlogos/nfl/500/gb.png', 'opponentAbbr': 'GBP', 'site': 'v.', 'probability': 0.6299}, {'week': 12, 'opponent': 'New York Giants', 'opponentLogo': 'https://a.espncdn.com/i/teamlogos/nfl/500/nyg.png', 'opponentAbbr': 'NYG', 'site': 'v.', 'probability': 0.64445}], 'bonusGames': [{'label': 'Q1 Bonus Game', 'week': 3, 'probability': 0.8986}, {'label': 'Q2 Bonus Game', 'week': 6, 'probability': 0.7427833333333332}, {'label': 'Q3 Bonus Game', 'week': 9, 'probability': 0.7427833333333332}, {'label': 'Q4 Bonus Game', 'week': 12, 'probability': 0.7427833333333332}, {'label': 'Regular Season Bonus Game', 'week': 12, 'probability': 0.892}]}","{'weeks': [{'week': 1, 'points': 236.0, 'weeklyMoney': False, 'allPlayRecord': '26-5', 'allPlayPct': 0.8387096774193549}], 'matchups': [{'week': 1, 'opponent': 'Dallas Cowboys', 'opponentLogo': 'https://a.espncdn.com/i/teamlogos/nfl/500/dal.png', 'opponentAbbr': 'DAL', 'site': '@', 'teamScore': 236.0, 'opponentScore': 262.1, 'result': 'L'}], 'bonusGames': []}",20-11,0-1,0-0,26-5,49.85337243401759
209.3,0012,Tampa Bay Buccaneers,https://a.espncdn.com/i/teamlogos/nfl/500/tb.png,9,,,,0-1,0.532258064516129,209.3,260.5,74.4,134.9,7.74695,50.27430107526881,9,NA,34%,14%,3%,0.3371,0.1406,0.0341,2819.1257277199893,"{'currentWins': 0.0, 'matchups': [{'week': 2, 'opponent': 'Philadelphia Eagles', 'opponentLogo': 'https://a.espncdn.com/i/teamlogos/nfl/500/phi.png', 'opponentAbbr': 'PHI', 'site': '@', 'probability': 0.38135}, {'week': 3, 'opponent': 'New Orleans Saints', 'opponentLogo': 'https://a.espncdn.com/i/teamlogos/nfl/500/no.png', 'opponentAbbr': 'NOS', 'site': '@', 'probability': 0.43955}, {'week': 4, 'opponent': 'Minnesota Vikings', 'opponentLogo': 'https://a.espncdn.com/i/teamlogos/nfl/500/min.png', 'opponentAbbr': 'MIN', 'site': '@', 'probability': 0.46535}, {'week': 5, 'opponent': 'Atlanta Falcons', 'opponentLogo': 'https://a.espncdn.com/i/teamlogos/nfl/500/atl.png', 'opponentAbbr': 'ATL', 'site': '@', 'probability': 0.553}, {'week': 6, 'opponent': 'Arizona Cardinals', 'opponentLogo': 'https://a.espncdn.com/i/teamlogos/nfl/500/ari.png', 'opponentAbbr': 'ARI', 'site': 'v.', 'probability': 0.4936}, {'week': 7, 'opponent': 'Washington Commanders', 'opponentLogo': 'https://a.espncdn.com/i/teamlogos/nfl/500/wsh.png', 'opponentAbbr': 'WAS', 'site': 'v.', 'probability': 0.3898}, {'week': 8, 'opponent': 'Carolina Panthers', 'opponentLogo': 'https://a.espncdn.com/i/teamlogos/nfl/500/car.png', 'opponentAbbr': 'CAR', 'site': 'v.', 'probability': 0.4953}, {'week': 9, 'opponent': 'Chicago Bears', 'opponentLogo': 'https://a.espncdn.com/i/teamlogos/nfl/500/chi.png', 'opponentAbbr': 'CHI', 'site': 'v.', 'probability': 0.5077}, {'week': 10, 'opponent': 'New Orleans Saints', 'opponentLogo': 'https://a.espncdn.com/i/teamlogos/nfl/500/no.png', 'opponentAbbr': 'NOS', 'site': 'v.', 'probability': 0.43075}, {'week': 11, 'opponent': 'San Francisco 49ers', 'opponentLogo': 'https://a.espncdn.com/i/teamlogos/nfl/500/sf.png', 'opponentAbbr': 'SFO', 'site': '@', 'probability': 0.4851}, {'week': 12, 'opponent': 'Atlanta Falcons', 'opponentLogo': 'https://a.espncdn.com/i/teamlogos/nfl/500/atl.png', 'opponentAbbr': 'ATL', 'site': 'v.', 'probability': 0.5577}], 'bonusGames': [{'label': 'Q1 Bonus Game', 'week': 3, 'probability': 0.5345}, {'label': 'Q2 Bonus Game', 'week': 6, 'probability': 0.5006333333333334}, {'label': 'Q3 Bonus Game', 'week': 9, 'probability': 0.5006333333333334}, {'label': 'Q4 Bonus Game', 'week': 12, 'probability': 0.5006333333333334}, {'label': 'Regular Season Bonus Game', 'week': 12, 'probability': 0.51135}]}","{'weeks': [{'week': 1, 'points': 209.3, 'weeklyMoney': False, 'allPlayRecord': '16-14-1', 'allPlayPct': 0.532258064516129}], 'matchups': [{'week': 1, 'opponent': 'Carolina Panthers', 'opponentLogo': 'https://a.espncdn.com/i/teamlogos/nfl/500/car.png', 'opponentAbbr': 'CAR', 'site': '@', 'teamScore': 209.3, 'opponentScore': 234.9, 'result': 'L'}], 'bonusGames': []}",22-9,0-1,0-0,16-14-1,54.398826979472126
191.5,0009,Atlanta Falcons,https://a.espncdn.com/i/teamlogos/nfl/500/atl.png,10,,,,0-1,0.45161290322580644,191.5,214.9,129.8,61.7,6.72165,44.62556451612903,13,NA,21%,8%,1%,0.2148,0.0805,0.0131,2704.908298291067,"{'currentWins': 0.0, 'matchups': [{'week': 2, 'opponent': 'New York Giants', 'opponentLogo': 'https://a.espncdn.com/i/teamlogos/nfl/500/nyg.png', 'opponentAbbr': 'NYG', 'site': '@', 'probability': 0.479}, {'week': 3, 'opponent': 'Carolina Panthers', 'opponentLogo': 'https://a.espncdn.com/i/teamlogos/nfl/500/car.png', 'opponentAbbr': 'CAR', 'site': 'v.', 'probability': 0.43845}, {'week': 4, 'opponent': 'Detroit Lions', 'opponentLogo': 'https://a.espncdn.com/i/teamlogos/nfl/500/det.png', 'opponentAbbr': 'DET', 'site': '@', 'probability': 0.44975}, {'week': 5, 'opponent': 'Tampa Bay Buccaneers', 'opponentLogo': 'https://a.espncdn.com/i/teamlogos/nfl/500/tb.png', 'opponentAbbr': 'TBB', 'site': 'v.', 'probability': 0.447}, {'week': 6, 'opponent': 'San Francisco 49ers', 'opponentLogo': 'https://a.espncdn.com/i/teamlogos/nfl/500/sf.png', 'opponentAbbr': 'SFO', 'site': 'v.', 'probability': 0.4432}, {'week': 7, 'opponent': 'Dallas Cowboys', 'opponentLogo': 'https://a.espncdn.com/i/teamlogos/nfl/500/dal.png', 'opponentAbbr': 'DAL', 'site': 'v.', 'probability': 0.4676}, {'week': 8, 'opponent': 'New Orleans Saints', 'opponentLogo': 'https://a.espncdn.com/i/teamlogos/nfl/500/no.png', 'opponentAbbr': 'NOS', 'site': '@', 'probability': 0.38295}, {'week': 9, 'opponent': 'Green Bay Packers', 'opponentLogo': 'https://a.espncdn.com/i/teamlogos/nfl/500/gb.png', 'opponentAbbr': 'GBP', 'site': 'v.', 'probability': 0.45775}, {'week': 10, 'opponent': 'Carolina Panthers', 'opponentLogo': 'https://a.espncdn.com/i/teamlogos/nfl/500/car.png', 'opponentAbbr': 'CAR', 'site': '@', 'probability': 0.4416}, {'week': 11, 'opponent': 'Arizona Cardinals', 'opponentLogo': 'https://a.espncdn.com/i/teamlogos/nfl/500/ari.png', 'opponentAbbr': 'ARI', 'site': '@', 'probability': 0.43655}, {'week': 12, 'opponent': 'Tampa Bay Buccaneers', 'opponentLogo': 'https://a.espncdn.com/i/teamlogos/nfl/500/tb.png', 'opponentAbbr': 'TBB', 'site': '@', 'probability': 0.4423}], 'bonusGames': [{'label': 'Q1 Bonus Game', 'week': 3, 'probability': 0.3623}, {'label': 'Q2 Bonus Game', 'week': 6, 'probability': 0.3856}, {'label': 'Q3 Bonus Game', 'week': 9, 'probability': 0.3856}, {'label': 'Q4 Bonus Game', 'week': 12, 'probability': 0.3856}, {'label': 'Regular Season Bonus Game', 'week': 12, 'probability': 0.3164}]}","{'weeks': [{'week': 1, 'points': 191.5, 'weeklyMoney': False, 'allPlayRecord': '14-17', 'allPlayPct': 0.45161290322580644}], 'matchups': [{'week': 1, 'opponent': 'New Orleans Saints', 'opponentLogo': 'https://a.espncdn.com/i/teamlogos/nfl/500/no.png', 'opponentAbbr': 'NOS', 'site': 'v.', 'teamScore': 191.5, 'opponentScore': 224.8, 'result': 'L'}], 'bonusGames': []}",5-26,0-1,0-0,14-17,57.03812316715543
186.0,0007,Green Bay Packers,https://a.espncdn.com/i/teamlogos/nfl/500/gb.png,11,,,,0-1,0.3709677419354839,186.0,234.3,90.1,95.9,7.5236,47.91399193548387,11,NA,31%,17%,2%,0.3088,0.168,0.0193,2760.4375362574788,"{'currentWins': 0.0, 'matchups': [{'week': 2, 'opponent': 'San Francisco 49ers', 'opponentLogo': 'https://a.espncdn.com/i/teamlogos/nfl/500/sf.png', 'opponentAbbr': 'SFO', 'site': 'v.', 'probability': 0.4756}, {'week': 3, 'opponent': 'Minnesota Vikings', 'opponentLogo': 'https://a.espncdn.com/i/teamlogos/nfl/500/min.png', 'opponentAbbr': 'MIN', 'site': 'v.', 'probability': 0.4547}, {'week': 4, 'opponent': 'New Orleans Saints', 'opponentLogo': 'https://a.espncdn.com/i/teamlogos/nfl/500/no.png', 'opponentAbbr': 'NOS', 'site': 'v.', 'probability': 0.41915}, {'week': 5, 'opponent': 'Chicago Bears', 'opponentLogo': 'https://a.espncdn.com/i/teamlogos/nfl/500/chi.png', 'opponentAbbr': 'CHI', 'site': 'v.', 'probability': 0.5031}, {'week': 6, 'opponent': 'New York Giants', 'opponentLogo': 'https://a.espncdn.com/i/teamlogos/nfl/500/nyg.png', 'opponentAbbr': 'NYG', 'site': 'v.', 'probability': 0.5274}, {'week': 7, 'opponent': 'Seattle Seahawks', 'opponentLogo': 'https://a.espncdn.com/i/teamlogos/nfl/500/sea.png', 'opponentAbbr': 'SEA', 'site': '@', 'probability': 0.5509}, {'week': 8, 'opponent': 'Detroit Lions', 'opponentLogo': 'https://a.espncdn.com/i/teamlogos/nfl/500/det.png', 'opponentAbbr': 'DET', 'site': '@', 'probability': 0.4905}, {'week': 9, 'opponent': 'Atlanta Falcons', 'opponentLogo': 'https://a.espncdn.com/i/teamlogos/nfl/500/atl.png', 'opponentAbbr': 'ATL', 'site': '@', 'probability': 0.54225}, {'week': 10, 'opponent': 'Minnesota Vikings', 'opponentLogo': 'https://a.espncdn.com/i/teamlogos/nfl/500/min.png', 'opponentAbbr': 'MIN', 'site': '@', 'probability': 0.45675}, {'week': 11, 'opponent': 'Philadelphia Eagles', 'opponentLogo': 'https://a.espncdn.com/i/teamlogos/nfl/500/phi.png', 'opponentAbbr': 'PHI', 'site': '@', 'probability': 0.3701}, {'week': 12, 'opponent': 'Chicago Bears', 'opponentLogo': 'https://a.espncdn.com/i/teamlogos/nfl/500/chi.png', 'opponentAbbr': 'CHI', 'site': '@', 'probability': 0.5001}], 'bonusGames': [{'label': 'Q1 Bonus Game', 'week': 3, 'probability': 0.3714}, {'label': 'Q2 Bonus Game', 'week': 6, 'probability': 0.4771166666666667}, {'label': 'Q3 Bonus Game', 'week': 9, 'probability': 0.4771166666666667}, {'label': 'Q4 Bonus Game', 'week': 12, 'probability': 0.4771166666666667}, {'label': 'Regular Season Bonus Game', 'week': 12, 'probability': 0.4303}]}","{'weeks': [{'week': 1, 'points': 186.0, 'weeklyMoney': False, 'allPlayRecord': '11-19-1', 'allPlayPct': 0.3709677419354839}], 'matchups': [{'week': 1, 'opponent': 'Detroit Lions', 'opponentLogo': 'https://a.espncdn.com/i/teamlogos/nfl/500/det.png', 'opponentAbbr': 'DET', 'site': 'v.', 'teamScore': 186.0, 'opponentScore': 219.9, 'result': 'L'}], 'bonusGames': []}",11-20,0-1,0-0,11-19-1,34.604105571847505
174.4,0005,Chicago Bears,https://a.espncdn.com/i/teamlogos/nfl/500/chi.png,12,,,,1-0,0.22580645161290322,174.4,226.2,84.80000000000001,89.6,8.5286,46.98774193548387,12,NA,41%,26%,1%,0.4102,0.2631,0.0144,2773.6567458932414,"{'currentWins': 1.0, 'matchups': [{'week': 2, 'opponent': 'Arizona Cardinals', 'opponentLogo': 'https://a.espncdn.com/i/teamlogos/nfl/500/ari.png', 'opponentAbbr': 'ARI', 'site': 'v.', 'probability': 0.48365}, {'week': 3, 'opponent': 'Detroit Lions', 'opponentLogo': 'https://a.espncdn.com/i/teamlogos/nfl/500/det.png', 'opponentAbbr': 'DET', 'site': '@', 'probability': 0.49425}, {'week': 4, 'opponent': 'Carolina Panthers', 'opponentLogo': 'https://a.espncdn.com/i/teamlogos/nfl/500/car.png', 'opponentAbbr': 'CAR', 'site': 'v.', 'probability': 0.4865}, {'week': 5, 'opponent': 'Green Bay Packers', 'opponentLogo': 'https://a.espncdn.com/i/teamlogos/nfl/500/gb.png', 'opponentAbbr': 'GBP', 'site': '@', 'probability': 0.4969}, {'week': 6, 'opponent': 'Philadelphia Eagles', 'opponentLogo': 'https://a.espncdn.com/i/teamlogos/nfl/500/phi.png', 'opponentAbbr': 'PHI', 'site': 'v.', 'probability': 0.3692}, {'week': 7, 'opponent': 'Los Angeles Rams', 'opponentLogo': 'https://a.espncdn.com/i/teamlogos/nfl/500/lar.png', 'opponentAbbr': 'LAR', 'site': '@', 'probability': 0.58715}, {'week': 8, 'opponent': 'Minnesota Vikings', 'opponentLogo': 'https://a.espncdn.com/i/teamlogos/nfl/500/min.png', 'opponentAbbr': 'MIN', 'site': 'v.', 'probability': 0.45425}, {'week': 9, 'opponent': 'Tampa Bay Buccaneers', 'opponentLogo': 'https://a.espncdn.com/i/teamlogos/nfl/500/tb.png', 'opponentAbbr': 'TBB', 'site': '@', 'probability': 0.4923}, {'week': 10, 'opponent': 'Detroit Lions', 'opponentLogo': 'https://a.espncdn.com/i/teamlogos/nfl/500/det.png', 'opponentAbbr': 'DET', 'site': 'v.', 'probability': 0.4989}, {'week': 11, 'opponent': 'New York Giants', 'opponentLogo': 'https://a.espncdn.com/i/teamlogos/nfl/500/nyg.png', 'opponentAbbr': 'NYG', 'site': '@', 'probability': 0.5288}, {'week': 12, 'opponent': 'Green Bay Packers', 'opponentLogo': 'https://a.espncdn.com/i/teamlogos/nfl/500/gb.png', 'opponentAbbr': 'GBP', 'site': 'v.', 'probability': 0.4999}], 'bonusGames': [{'label': 'Q1 Bonus Game', 'week': 3, 'probability': 0.28025}, {'label': 'Q2 Bonus Game', 'week': 6, 'probability': 0.4852}, {'label': 'Q3 Bonus Game', 'week': 9, 'probability': 0.4852}, {'label': 'Q4 Bonus Game', 'week': 12, 'probability': 0.4852}, {'label': 'Regular Season Bonus Game', 'week': 12, 'probability': 0.40095}]}","{'weeks': [{'week': 1, 'points': 174.4, 'weeklyMoney': False, 'allPlayRecord': '7-24', 'allPlayPct': 0.22580645161290322}], 'matchups': [{'week': 1, 'opponent': 'Minnesota Vikings', 'opponentLogo': 'https://a.espncdn.com/i/teamlogos/nfl/500/min.png', 'opponentAbbr': 'MIN', 'site': '@', 'teamScore': 174.4, 'opponentScore': 138.0, 'result': 'W'}], 'bonusGames': []}",9-22,1-0,0-0,7-24,44.28152492668622
171.6,0002,New York Giants,https://a.espncdn.com/i/teamlogos/nfl/500/nyg.png,13,,,,0-1,0.1935483870967742,171.6,222.7,72.19999999999999,99.4,6.7397,44.13383064516129,14,NA,20%,4%,1%,0.2041,0.0421,0.0102,2727.2409802641046,"{'currentWins': 0.0, 'matchups': [{'week': 2, 'opponent': 'Atlanta Falcons', 'opponentLogo': 'https://a.espncdn.com/i/teamlogos/nfl/500/atl.png', 'opponentAbbr': 'ATL', 'site': 'v.', 'probability': 0.521}, {'week': 3, 'opponent': 'Dallas Cowboys', 'opponentLogo': 'https://a.espncdn.com/i/teamlogos/nfl/500/dal.png', 'opponentAbbr': 'DAL', 'site': 'v.', 'probability': 0.47665}, {'week': 4, 'opponent': 'Los Angeles Rams', 'opponentLogo': 'https://a.espncdn.com/i/teamlogos/nfl/500/lar.png', 'opponentAbbr': 'LAR', 'site': 'v.', 'probability': 0.55595}, {'week': 5, 'opponent': 'Philadelphia Eagles', 'opponentLogo': 'https://a.espncdn.com/i/teamlogos/nfl/500/phi.png', 'opponentAbbr': 'PHI', 'site': 'v.', 'probability': 0.3515}, {'week': 6, 'opponent': 'Green Bay Packers', 'opponentLogo': 'https://a.espncdn.com/i/teamlogos/nfl/500/gb.png', 'opponentAbbr': 'GBP', 'site': '@', 'probability': 0.4726}, {'week': 7, 'opponent': 'Carolina Panthers', 'opponentLogo': 'https://a.espncdn.com/i/teamlogos/nfl/500/car.png', 'opponentAbbr': 'CAR', 'site': '@', 'probability': 0.453}, {'week': 8, 'opponent': 'Washington Commanders', 'opponentLogo': 'https://a.espncdn.com/i/teamlogos/nfl/500/wsh.png', 'opponentAbbr': 'WAS', 'site': '@', 'probability': 0.3521}, {'week': 9, 'opponent': 'San Francisco 49ers', 'opponentLogo': 'https://a.espncdn.com/i/teamlogos/nfl/500/sf.png', 'opponentAbbr': 'SFO', 'site': '@', 'probability': 0.45735}, {'week': 10, 'opponent': 'Dallas Cowboys', 'opponentLogo': 'https://a.espncdn.com/i/teamlogos/nfl/500/dal.png', 'opponentAbbr': 'DAL', 'site': '@', 'probability': 0.4809}, {'week': 11, 'opponent': 'Chicago Bears', 'opponentLogo': 'https://a.espncdn.com/i/teamlogos/nfl/500/chi.png', 'opponentAbbr': 'CHI', 'site': 'v.', 'probability': 0.4712}, {'week': 12, 'opponent': 'Philadelphia Eagles', 'opponentLogo': 'https://a.espncdn.com/i/teamlogos/nfl/500/phi.png', 'opponentAbbr': 'PHI', 'site': '@', 'probability': 0.35555}], 'bonusGames': [{'label': 'Q1 Bonus Game', 'week': 3, 'probability': 0.2085}, {'label': 'Q2 Bonus Game', 'week': 6, 'probability': 0.42560000000000003}, {'label': 'Q3 Bonus Game', 'week': 9, 'probability': 0.42560000000000003}, {'label': 'Q4 Bonus Game', 'week': 12, 'probability': 0.42560000000000003}, {'label': 'Regular Season Bonus Game', 'week': 12, 'probability': 0.3066}]}","{'weeks': [{'week': 1, 'points': 171.6, 'weeklyMoney': False, 'allPlayRecord': '6-25', 'allPlayPct': 0.1935483870967742}], 'matchups': [{'week': 1, 'opponent': 'Washington Commanders', 'opponentLogo': 'https://a.espncdn.com/i/teamlogos/nfl/500/wsh.png', 'opponentAbbr': 'WAS', 'site': 'v.', 'teamScore': 171.6, 'opponentScore': 269.8, 'result': 'L'}], 'bonusGames': []}",6-25,0-1,0-0,6-25,62.903225806451616
142.4,0014,Los Angeles Rams,https://a.espncdn.com/i/teamlogos/nfl/500/lar.png,14,,,,0-1,0.0967741935483871,142.4,179.1,63.2,79.2,5.5659,37.685268817204296,16,NA,12%,7%,0%,0.118,0.0699,0.0014,2575.0081800655557,"{'currentWins': 0.0, 'matchups': [{'week': 2, 'opponent': 'Detroit Lions', 'opponentLogo': 'https://a.espncdn.com/i/teamlogos/nfl/500/det.png', 'opponentAbbr': 'DET', 'site': '@', 'probability': 0.40905}, {'week': 3, 'opponent': 'Arizona Cardinals', 'opponentLogo': 'https://a.espncdn.com/i/teamlogos/nfl/500/ari.png', 'opponentAbbr': 'ARI', 'site': 'v.', 'probability': 0.4008}, {'week': 4, 'opponent': 'New York Giants', 'opponentLogo': 'https://a.espncdn.com/i/teamlogos/nfl/500/nyg.png', 'opponentAbbr': 'NYG', 'site': '@', 'probability': 0.44405}, {'week': 5, 'opponent': 'Seattle Seahawks', 'opponentLogo': 'https://a.espncdn.com/i/teamlogos/nfl/500/sea.png', 'opponentAbbr': 'SEA', 'site': '@', 'probability': 0.4726}, {'week': 6, 'opponent': 'New Orleans Saints', 'opponentLogo': 'https://a.espncdn.com/i/teamlogos/nfl/500/no.png', 'opponentAbbr': 'NOS', 'site': '@', 'probability': 0.34125}, {'week': 7, 'opponent': 'Chicago Bears', 'opponentLogo': 'https://a.espncdn.com/i/teamlogos/nfl/500/chi.png', 'opponentAbbr': 'CHI', 'site': 'v.', 'probability': 0.41285}, {'week': 8, 'opponent': 'San Francisco 49ers', 'opponentLogo': 'https://a.espncdn.com/i/teamlogos/nfl/500/sf.png', 'opponentAbbr': 'SFO', 'site': 'v.', 'probability': 0.38935}, {'week': 9, 'opponent': 'Washington Commanders', 'opponentLogo': 'https://a.espncdn.com/i/teamlogos/nfl/500/wsh.png', 'opponentAbbr': 'WAS', 'site': 'v.', 'probability': 0.29415}, {'week': 10, 'opponent': 'Arizona Cardinals', 'opponentLogo': 'https://a.espncdn.com/i/teamlogos/nfl/500/ari.png', 'opponentAbbr': 'ARI', 'site': '@', 'probability': 0.39705}, {'week': 11, 'opponent': 'Carolina Panthers', 'opponentLogo': 'https://a.espncdn.com/i/teamlogos/nfl/500/car.png', 'opponentAbbr': 'CAR', 'site': 'v.', 'probability': 0.3998}, {'week': 12, 'opponent': 'Seattle Seahawks', 'opponentLogo': 'https://a.espncdn.com/i/teamlogos/nfl/500/sea.png', 'opponentAbbr': 'SEA', 'site': 'v.', 'probability': 0.4803}], 'bonusGames': [{'label': 'Q1 Bonus Game', 'week': 3, 'probability': 0.09935}, {'label': 'Q2 Bonus Game', 'week': 6, 'probability': 0.29785}, {'label': 'Q3 Bonus Game', 'week': 9, 'probability': 0.29785}, {'label': 'Q4 Bonus Game', 'week': 12, 'probability': 0.29785}, {'label': 'Regular Season Bonus Game', 'week': 12, 'probability': 0.13175}]}","{'weeks': [{'week': 1, 'points': 142.4, 'weeklyMoney': False, 'allPlayRecord': '3-28', 'allPlayPct': 0.0967741935483871}], 'matchups': [{'week': 1, 'opponent': 'San Francisco 49ers', 'opponentLogo': 'https://a.espncdn.com/i/teamlogos/nfl/500/sf.png', 'opponentAbbr': 'SFO', 'site': '@', 'teamScore': 142.4, 'opponentScore': 189.9, 'result': 'L'}], 'bonusGames': []}",1-30,0-1,0-0,3-28,42.22873900293255
138.0,0008,Minnesota Vikings,https://a.espncdn.com/i/teamlogos/nfl/500/min.png,15,,,,0-1,0.04838709677419355,138.0,204.7,72.1,65.9,8.32635,49.55434139784946,10,NA,42%,24%,3%,0.4169,0.2438,0.0251,2810.777216698704,"{'currentWins': 0.0, 'matchups': [{'week': 2, 'opponent': 'Seattle Seahawks', 'opponentLogo': 'https://a.espncdn.com/i/teamlogos/nfl/500/sea.png', 'opponentAbbr': 'SEA', 'site': 'v.', 'probability': 0.5997}, {'week': 3, 'opponent': 'Green Bay Packers', 'opponentLogo': 'https://a.espncdn.com/i/teamlogos/nfl/500/gb.png', 'opponentAbbr': 'GBP', 'site': '@', 'probability': 0.5453}, {'week': 4, 'opponent': 'Tampa Bay Buccaneers', 'opponentLogo': 'https://a.espncdn.com/i/teamlogos/nfl/500/tb.png', 'opponentAbbr': 'TBB', 'site': 'v.', 'probability': 0.53465}, {'week': 5, 'opponent': 'Detroit Lions', 'opponentLogo': 'https://a.espncdn.com/i/teamlogos/nfl/500/det.png', 'opponentAbbr': 'DET', 'site': 'v.', 'probability': 0.5414}, {'week': 6, 'opponent': 'Dallas Cowboys', 'opponentLogo': 'https://a.espncdn.com/i/teamlogos/nfl/500/dal.png', 'opponentAbbr': 'DAL', 'site': 'v.', 'probability': 0.551}, {'week': 7, 'opponent': 'San Francisco 49ers', 'opponentLogo': 'https://a.espncdn.com/i/teamlogos/nfl/500/sf.png', 'opponentAbbr': 'SFO', 'site': '@', 'probability': 0.5305}, {'week': 8, 'opponent': 'Chicago Bears', 'opponentLogo': 'https://a.espncdn.com/i/teamlogos/nfl/500/chi.png', 'opponentAbbr': 'CHI', 'site': '@', 'probability': 0.54575}, {'week': 9, 'opponent': 'Carolina Panthers', 'opponentLogo': 'https://a.espncdn.com/i/teamlogos/nfl/500/car.png', 'opponentAbbr': 'CAR', 'site': '@', 'probability': 0.53305}, {'week': 10, 'opponent': 'Green Bay Packers', 'opponentLogo': 'https://a.espncdn.com/i/teamlogos/nfl/500/gb.png', 'opponentAbbr': 'GBP', 'site': 'v.', 'probability': 0.54325}, {'week': 11, 'opponent': 'Washington Commanders', 'opponentLogo': 'https://a.espncdn.com/i/teamlogos/nfl/500/wsh.png', 'opponentAbbr': 'WAS', 'site': '@', 'probability': 0.4158}, {'week': 12, 'opponent': 'Detroit Lions', 'opponentLogo': 'https://a.espncdn.com/i/teamlogos/nfl/500/det.png', 'opponentAbbr': 'DET', 'site': '@', 'probability': 0.5401}], 'bonusGames': [{'label': 'Q1 Bonus Game', 'week': 3, 'probability': 0.2172}, {'label': 'Q2 Bonus Game', 'week': 6, 'probability': 0.5770833333333334}, {'label': 'Q3 Bonus Game', 'week': 9, 'probability': 0.5770833333333334}, {'label': 'Q4 Bonus Game', 'week': 12, 'probability': 0.5770833333333334}, {'label': 'Regular Season Bonus Game', 'week': 12, 'probability': 0.4974}]}","{'weeks': [{'week': 1, 'points': 138.0, 'weeklyMoney': False, 'allPlayRecord': '1-29-1', 'allPlayPct': 0.04838709677419355}], 'matchups': [{'week': 1, 'opponent': 'Chicago Bears', 'opponentLogo': 'https://a.espncdn.com/i/teamlogos/nfl/500/chi.png', 'opponentAbbr': 'CHI', 'site': 'v.', 'teamScore': 138.0, 'opponentScore': 174.4, 'result': 'L'}], 'bonusGames': []}",4-27,0-1,0-0,1-29-1,54.10557184750733
119.7,0016,Seattle Seahawks,https://a.espncdn.com/i/teamlogos/nfl/500/sea.png,16,,,,0-1,0.0,119.7,173.0,32.3,87.4,6.0269,39.278642473118275,15,NA,16%,10%,0%,0.1583,0.0969,0.0035,2611.99801485935,"{'currentWins': 0.0, 'matchups': [{'week': 2, 'opponent': 'Minnesota Vikings', 'opponentLogo': 'https://a.espncdn.com/i/teamlogos/nfl/500/min.png', 'opponentAbbr': 'MIN', 'site': '@', 'probability': 0.4003}, {'week': 3, 'opponent': 'San Francisco 49ers', 'opponentLogo': 'https://a.espncdn.com/i/teamlogos/nfl/500/sf.png', 'opponentAbbr': 'SFO', 'site': '@', 'probability': 0.40615}, {'week': 4, 'opponent': 'Philadelphia Eagles', 'opponentLogo': 'https://a.espncdn.com/i/teamlogos/nfl/500/phi.png', 'opponentAbbr': 'PHI', 'site': '@', 'probability': 0.3238}, {'week': 5, 'opponent': 'Los Angeles Rams', 'opponentLogo': 'https://a.espncdn.com/i/teamlogos/nfl/500/lar.png', 'opponentAbbr': 'LAR', 'site': 'v.', 'probability': 0.5274}, {'week': 6, 'opponent': 'Carolina Panthers', 'opponentLogo': 'https://a.espncdn.com/i/teamlogos/nfl/500/car.png', 'opponentAbbr': 'CAR', 'site': '@', 'probability': 0.4281}, {'week': 7, 'opponent': 'Green Bay Packers', 'opponentLogo': 'https://a.espncdn.com/i/teamlogos/nfl/500/gb.png', 'opponentAbbr': 'GBP', 'site': 'v.', 'probability': 0.4491}, {'week': 8, 'opponent': 'Arizona Cardinals', 'opponentLogo': 'https://a.espncdn.com/i/teamlogos/nfl/500/ari.png', 'opponentAbbr': 'ARI', 'site': '@', 'probability': 0.42665}, {'week': 9, 'opponent': 'Dallas Cowboys', 'opponentLogo': 'https://a.espncdn.com/i/teamlogos/nfl/500/dal.png', 'opponentAbbr': 'DAL', 'site': 'v.', 'probability': 0.45795}, {'week': 10, 'opponent': 'San Francisco 49ers', 'opponentLogo': 'https://a.espncdn.com/i/teamlogos/nfl/500/sf.png', 'opponentAbbr': 'SFO', 'site': 'v.', 'probability': 0.4153}, {'week': 11, 'opponent': 'New Orleans Saints', 'opponentLogo': 'https://a.espncdn.com/i/teamlogos/nfl/500/no.png', 'opponentAbbr': 'NOS', 'site': 'v.', 'probability': 0.3698}, {'week': 12, 'opponent': 'Los Angeles Rams', 'opponentLogo': 'https://a.espncdn.com/i/teamlogos/nfl/500/lar.png', 'opponentAbbr': 'LAR', 'site': '@', 'probability': 0.5197}], 'bonusGames': [{'label': 'Q1 Bonus Game', 'week': 3, 'probability': 0.0839}, {'label': 'Q2 Bonus Game', 'week': 6, 'probability': 0.34863333333333335}, {'label': 'Q3 Bonus Game', 'week': 9, 'probability': 0.34863333333333335}, {'label': 'Q4 Bonus Game', 'week': 12, 'probability': 0.34863333333333335}, {'label': 'Regular Season Bonus Game', 'week': 12, 'probability': 0.17285}]}","{'weeks': [{'week': 1, 'points': 119.7, 'weeklyMoney': False, 'allPlayRecord': '0-31', 'allPlayPct': 0.0}], 'matchups': [{'week': 1, 'opponent': 'Arizona Cardinals', 'opponentLogo': 'https://a.espncdn.com/i/teamlogos/nfl/500/ari.png', 'opponentAbbr': 'ARI', 'site': 'v.', 'teamScore': 119.7, 'opponentScore': 184.8, 'result': 'L'}], 'bonusGames': []}",0-31,0-1,0-0,0-31,46.04105571847507
268.1,0031,Las Vegas Raiders,https://a.espncdn.com/i/teamlogos/nfl/500/lv.png,1,,y,y,1-0,0.967741935483871,268.1,283.2,101.20000000000002,166.9,10.33605,56.457352150537645,2,2,67%,43%,14%,0.6667,0.4263,0.138,2887.0885361542028,"{'currentWins': 1.0, 'matchups': [{'week': 2, 'opponent': 'Pittsburgh Steelers', 'opponentLogo': 'https://a.espncdn.com/i/teamlogos/nfl/500/pit.png', 'opponentAbbr': 'PIT', 'site': 'v.', 'probability': 0.53955}, {'week': 3, 'opponent': 'Los Angeles Chargers', 'opponentLogo': 'https://a.espncdn.com/i/teamlogos/nfl/500/lac.png', 'opponentAbbr': 'LAC', 'site': 'v.', 'probability': 0.55265}, {'week': 4, 'opponent': 'Miami Dolphins', 'opponentLogo': 'https://a.espncdn.com/i/teamlogos/nfl/500/mia.png', 'opponentAbbr': 'MIA', 'site': 'v.', 'probability': 0.53555}, {'week': 5, 'opponent': 'Denver Broncos', 'opponentLogo': 'https://a.espncdn.com/i/teamlogos/nfl/500/den.png', 'opponentAbbr': 'DEN', 'site': 'v.', 'probability': 0.6235}, {'week': 6, 'opponent': 'Houston Texans', 'opponentLogo': 'https://a.espncdn.com/i/teamlogos/nfl/500/hou.png', 'opponentAbbr': 'HOU', 'site': 'v.', 'probability': 0.5527}, {'week': 7, 'opponent': 'Baltimore Ravens', 'opponentLogo': 'https://a.espncdn.com/i/teamlogos/nfl/500/bal.png', 'opponentAbbr': 'BAL', 'site': '@', 'probability': 0.5254}, {'week': 8, 'opponent': 'Kansas City Chiefs', 'opponentLogo': 'https://a.espncdn.com/i/teamlogos/nfl/500/kc.png', 'opponentAbbr': 'KCC', 'site': '@', 'probability': 0.45665}, {'week': 9, 'opponent': 'New England Patriots', 'opponentLogo': 'https://a.espncdn.com/i/teamlogos/nfl/500/ne.png', 'opponentAbbr': 'NEP', 'site': '@', 'probability': 0.5932}, {'week': 10, 'opponent': 'Los Angeles Chargers', 'opponentLogo': 'https://a.espncdn.com/i/teamlogos/nfl/500/lac.png', 'opponentAbbr': 'LAC', 'site': '@', 'probability': 0.55665}, {'week': 11, 'opponent': 'Jacksonville Jaguars', 'opponentLogo': 'https://a.espncdn.com/i/teamlogos/nfl/500/jax.png', 'opponentAbbr': 'JAC', 'site': '@', 'probability': 0.5128}, {'week': 12, 'opponent': 'Denver Broncos', 'opponentLogo': 'https://a.espncdn.com/i/teamlogos/nfl/500/den.png', 'opponentAbbr': 'DEN', 'site': '@', 'probability': 0.6234}], 'bonusGames': [{'label': 'Q1 Bonus Game', 'week': 3, 'probability': 0.86905}, {'label': 'Q2 Bonus Game', 'week': 6, 'probability': 0.5598833333333334}, {'label': 'Q3 Bonus Game', 'week': 9, 'probability': 0.5598833333333334}, {'label': 'Q4 Bonus Game', 'week': 12, 'probability': 0.5598833333333334}, {'label': 'Regular Season Bonus Game', 'week': 12, 'probability': 0.7153}]}","{'weeks': [{'week': 1, 'points': 268.1, 'weeklyMoney': True, 'allPlayRecord': '30-1', 'allPlayPct': 0.967741935483871}], 'matchups': [{'week': 1, 'opponent': 'Kansas City Chiefs', 'opponentLogo': 'https://a.espncdn.com/i/teamlogos/nfl/500/kc.png', 'opponentAbbr': 'KCC', 'site': 'v.', 'teamScore': 268.1, 'opponentScore': 219.6, 'result': 'W'}], 'bonusGames': []}",26-5,1-0,0-0,30-1,52.052785923753675
252.1,0018,Miami Dolphins,https://a.espncdn.com/i/teamlogos/nfl/500/mia.png,2,,x,y,1-0,0.9032258064516129,252.1,268.3,133.3,118.8,9.10685,52.30233870967742,5,5,52%,34%,7%,0.5188,0.3384,0.0701,2813.15586999888,"{'currentWins': 1.0, 'matchups': [{'week': 2, 'opponent': 'Tennessee Titans', 'opponentLogo': 'https://a.espncdn.com/i/teamlogos/nfl/500/ten.png', 'opponentAbbr': 'TEN', 'site': '@', 'probability': 0.47275}, {'week': 3, 'opponent': 'Buffalo Bills', 'opponentLogo': 'https://a.espncdn.com/i/teamlogos/nfl/500/buf.png', 'opponentAbbr': 'BUF', 'site': 'v.', 'probability': 0.5126}, {'week': 4, 'opponent': 'Las Vegas Raiders', 'opponentLogo': 'https://a.espncdn.com/i/teamlogos/nfl/500/lv.png', 'opponentAbbr': 'LVR', 'site': '@', 'probability': 0.46445}, {'week': 5, 'opponent': 'New York Jets', 'opponentLogo': 'https://a.espncdn.com/i/teamlogos/nfl/500/nyj.png', 'opponentAbbr': 'NYJ', 'site': '@', 'probability': 0.48875}, {'week': 6, 'opponent': 'Cleveland Browns', 'opponentLogo': 'https://a.espncdn.com/i/teamlogos/nfl/500/cle.png', 'opponentAbbr': 'CLE', 'site': 'v.', 'probability': 0.41315}, {'week': 7, 'opponent': 'Jacksonville Jaguars', 'opponentLogo': 'https://a.espncdn.com/i/teamlogos/nfl/500/jax.png', 'opponentAbbr': 'JAC', 'site': 'v.', 'probability': 0.4761}, {'week': 8, 'opponent': 'New England Patriots', 'opponentLogo': 'https://a.espncdn.com/i/teamlogos/nfl/500/ne.png', 'opponentAbbr': 'NEP', 'site': 'v.', 'probability': 0.5555}, {'week': 9, 'opponent': 'Kansas City Chiefs', 'opponentLogo': 'https://a.espncdn.com/i/teamlogos/nfl/500/kc.png', 'opponentAbbr': 'KCC', 'site': 'v.', 'probability': 0.43325}, {'week': 10, 'opponent': 'Buffalo Bills', 'opponentLogo': 'https://a.espncdn.com/i/teamlogos/nfl/500/buf.png', 'opponentAbbr': 'BUF', 'site': '@', 'probability': 0.51325}, {'week': 11, 'opponent': 'Baltimore Ravens', 'opponentLogo': 'https://a.espncdn.com/i/teamlogos/nfl/500/bal.png', 'opponentAbbr': 'BAL', 'site': '@', 'probability': 0.50535}, {'week': 12, 'opponent': 'New York Jets', 'opponentLogo': 'https://a.espncdn.com/i/teamlogos/nfl/500/nyj.png', 'opponentAbbr': 'NYJ', 'site': 'v.', 'probability': 0.4801}], 'bonusGames': [{'label': 'Q1 Bonus Game', 'week': 3, 'probability': 0.7869}, {'label': 'Q2 Bonus Game', 'week': 6, 'probability': 0.47481666666666666}, {'label': 'Q3 Bonus Game', 'week': 9, 'probability': 0.47481666666666666}, {'label': 'Q4 Bonus Game', 'week': 12, 'probability': 0.47481666666666666}, {'label': 'Regular Season Bonus Game', 'week': 12, 'probability': 0.58025}]}","{'weeks': [{'week': 1, 'points': 252.1, 'weeklyMoney': False, 'allPlayRecord': '28-3', 'allPlayPct': 0.9032258064516129}], 'matchups': [{'week': 1, 'opponent': 'New England Patriots', 'opponentLogo': 'https://a.espncdn.com/i/teamlogos/nfl/500/ne.png', 'opponentAbbr': 'NEP', 'site': '@', 'teamScore': 252.1, 'opponentScore': 209.3, 'result': 'W'}], 'bonusGames': []}",24-7,1-0,0-0,28-3,55.57184750733137
242.5,0017,Buffalo Bills,https://a.espncdn.com/i/teamlogos/nfl/500/buf.png,3,,y,x,1-0,0.8709677419354839,242.5,286.4,137.4,105.1,9.21445,51.22780913978495,6,6,52%,34%,6%,0.5166,0.3442,0.0648,2811.2758661520797,"{'currentWins': 1.0, 'matchups': [{'week': 2, 'opponent': 'Jacksonville Jaguars', 'opponentLogo': 'https://a.espncdn.com/i/teamlogos/nfl/500/jax.png', 'opponentAbbr': 'JAC', 'site': '@', 'probability': 0.4745}, {'week': 3, 'opponent': 'Miami Dolphins', 'opponentLogo': 'https://a.espncdn.com/i/teamlogos/nfl/500/mia.png', 'opponentAbbr': 'MIA', 'site': '@', 'probability': 0.4874}, {'week': 4, 'opponent': 'Los Angeles Chargers', 'opponentLogo': 'https://a.espncdn.com/i/teamlogos/nfl/500/lac.png', 'opponentAbbr': 'LAC', 'site': '@', 'probability': 0.5113}, {'week': 5, 'opponent': 'New England Patriots', 'opponentLogo': 'https://a.espncdn.com/i/teamlogos/nfl/500/ne.png', 'opponentAbbr': 'NEP', 'site': '@', 'probability': 0.55215}, {'week': 6, 'opponent': 'Cincinnati Bengals', 'opponentLogo': 'https://a.espncdn.com/i/teamlogos/nfl/500/cin.png', 'opponentAbbr': 'CIN', 'site': 'v.', 'probability': 0.49755}, {'week': 7, 'opponent': 'Tennessee Titans', 'opponentLogo': 'https://a.espncdn.com/i/teamlogos/nfl/500/ten.png', 'opponentAbbr': 'TEN', 'site': 'v.', 'probability': 0.455}, {'week': 8, 'opponent': 'New York Jets', 'opponentLogo': 'https://a.espncdn.com/i/teamlogos/nfl/500/nyj.png', 'opponentAbbr': 'NYJ', 'site': 'v.', 'probability': 0.47755}, {'week': 9, 'opponent': 'Denver Broncos', 'opponentLogo': 'https://a.espncdn.com/i/teamlogos/nfl/500/den.png', 'opponentAbbr': 'DEN', 'site': 'v.', 'probability': 0.57525}, {'week': 10, 'opponent': 'Miami Dolphins', 'opponentLogo': 'https://a.espncdn.com/i/teamlogos/nfl/500/mia.png', 'opponentAbbr': 'MIA', 'site': 'v.', 'probability': 0.48675}, {'week': 11, 'opponent': 'Pittsburgh Steelers', 'opponentLogo': 'https://a.espncdn.com/i/teamlogos/nfl/500/pit.png', 'opponentAbbr': 'PIT', 'site': '@', 'probability': 0.4815}, {'week': 12, 'opponent': 'New England Patriots', 'opponentLogo': 'https://a.espncdn.com/i/teamlogos/nfl/500/ne.png', 'opponentAbbr': 'NEP', 'site': 'v.', 'probability': 0.5553}], 'bonusGames': [{'label': 'Q1 Bonus Game', 'week': 3, 'probability': 0.7542}, {'label': 'Q2 Bonus Game', 'week': 6, 'probability': 0.45615}, {'label': 'Q3 Bonus Game', 'week': 9, 'probability': 0.45615}, {'label': 'Q4 Bonus Game', 'week': 12, 'probability': 0.45615}, {'label': 'Regular Season Bonus Game', 'week': 12, 'probability': 0.53755}]}","{'weeks': [{'week': 1, 'points': 242.5, 'weeklyMoney': False, 'allPlayRecord': '27-4', 'allPlayPct': 0.8709677419354839}], 'matchups': [{'week': 1, 'opponent': 'New York Jets', 'opponentLogo': 'https://a.espncdn.com/i/teamlogos/nfl/500/nyj.png', 'opponentAbbr': 'NYJ', 'site': '@', 'teamScore': 242.5, 'opponentScore': 179.2, 'result': 'W'}], 'bonusGames': []}",27-4,1-0,0-0,27-4,46.33431085043988
230.4,0023,Cleveland Browns,https://a.espncdn.com/i/teamlogos/nfl/500/cle.png,4,,y,y,1-0,0.7741935483870968,230.4,259.0,131.60000000000002,98.8,11.0527,59.30462365591398,1,1,77%,57%,21%,0.7659,0.5674,0.2058,2938.815040391167,"{'currentWins': 1.0, 'matchups': [{'week': 2, 'opponent': 'Kansas City Chiefs', 'opponentLogo': 'https://a.espncdn.com/i/teamlogos/nfl/500/kc.png', 'opponentAbbr': 'KCC', 'site': '@', 'probability': 0.52325}, {'week': 3, 'opponent': 'Cincinnati Bengals', 'opponentLogo': 'https://a.espncdn.com/i/teamlogos/nfl/500/cin.png', 'opponentAbbr': 'CIN', 'site': 'v.', 'probability': 0.58685}, {'week': 4, 'opponent': 'Houston Texans', 'opponentLogo': 'https://a.espncdn.com/i/teamlogos/nfl/500/hou.png', 'opponentAbbr': 'HOU', 'site': '@', 'probability': 0.60065}, {'week': 5, 'opponent': 'Baltimore Ravens', 'opponentLogo': 'https://a.espncdn.com/i/teamlogos/nfl/500/bal.png', 'opponentAbbr': 'BAL', 'site': '@', 'probability': 0.58735}, {'week': 6, 'opponent': 'Miami Dolphins', 'opponentLogo': 'https://a.espncdn.com/i/teamlogos/nfl/500/mia.png', 'opponentAbbr': 'MIA', 'site': '@', 'probability': 0.58685}, {'week': 7, 'opponent': 'Denver Broncos', 'opponentLogo': 'https://a.espncdn.com/i/teamlogos/nfl/500/den.png', 'opponentAbbr': 'DEN', 'site': 'v.', 'probability': 0.67075}, {'week': 8, 'opponent': 'Pittsburgh Steelers', 'opponentLogo': 'https://a.espncdn.com/i/teamlogos/nfl/500/pit.png', 'opponentAbbr': 'PIT', 'site': 'v.', 'probability': 0.58085}, {'week': 9, 'opponent': 'Tennessee Titans', 'opponentLogo': 'https://a.espncdn.com/i/teamlogos/nfl/500/ten.png', 'opponentAbbr': 'TEN', 'site': 'v.', 'probability': 0.5616}, {'week': 10, 'opponent': 'Cincinnati Bengals', 'opponentLogo': 'https://a.espncdn.com/i/teamlogos/nfl/500/cin.png', 'opponentAbbr': 'CIN', 'site': '@', 'probability': 0.582}, {'week': 11, 'opponent': 'New York Jets', 'opponentLogo': 'https://a.espncdn.com/i/teamlogos/nfl/500/nyj.png', 'opponentAbbr': 'NYJ', 'site': 'v.', 'probability': 0.56995}, {'week': 12, 'opponent': 'Baltimore Ravens', 'opponentLogo': 'https://a.espncdn.com/i/teamlogos/nfl/500/bal.png', 'opponentAbbr': 'BAL', 'site': 'v.', 'probability': 0.58665}], 'bonusGames': [{'label': 'Q1 Bonus Game', 'week': 3, 'probability': 0.82305}, {'label': 'Q2 Bonus Game', 'week': 6, 'probability': 0.6632666666666668}, {'label': 'Q3 Bonus Game', 'week': 9, 'probability': 0.6632666666666668}, {'label': 'Q4 Bonus Game', 'week': 12, 'probability': 0.6632666666666668}, {'label': 'Regular Season Bonus Game', 'week': 12, 'probability': 0.8031}]}","{'weeks': [{'week': 1, 'points': 230.4, 'weeklyMoney': False, 'allPlayRecord': '24-7', 'allPlayPct': 0.7741935483870968}], 'matchups': [{'week': 1, 'opponent': 'Pittsburgh Steelers', 'opponentLogo': 'https://a.espncdn.com/i/teamlogos/nfl/500/pit.png', 'opponentAbbr': 'PIT', 'site': '@', 'teamScore': 230.4, 'opponentScore': 146.2, 'result': 'W'}], 'bonusGames': []}",21-10,1-0,0-0,24-7,33.28445747800586
229.4,0032,Los Angeles Chargers,https://a.espncdn.com/i/teamlogos/nfl/500/lac.png,5,,x,x,1-0,0.7419354838709677,229.4,298.6,94.5,134.9,8.5606,49.50408602150538,7,7,43%,21%,5%,0.4268,0.2107,0.0472,2811.972482728981,"{'currentWins': 1.0, 'matchups': [{'week': 2, 'opponent': 'Baltimore Ravens', 'opponentLogo': 'https://a.espncdn.com/i/teamlogos/nfl/500/bal.png', 'opponentAbbr': 'BAL', 'site': 'v.', 'probability': 0.4776}, {'week': 3, 'opponent': 'Las Vegas Raiders', 'opponentLogo': 'https://a.espncdn.com/i/teamlogos/nfl/500/lv.png', 'opponentAbbr': 'LVR', 'site': '@', 'probability': 0.44735}, {'week': 4, 'opponent': 'Buffalo Bills', 'opponentLogo': 'https://a.espncdn.com/i/teamlogos/nfl/500/buf.png', 'opponentAbbr': 'BUF', 'site': 'v.', 'probability': 0.4887}, {'week': 5, 'opponent': 'Kansas City Chiefs', 'opponentLogo': 'https://a.espncdn.com/i/teamlogos/nfl/500/kc.png', 'opponentAbbr': 'KCC', 'site': 'v.', 'probability': 0.416}, {'week': 6, 'opponent': 'Indianapolis Colts', 'opponentLogo': 'https://a.espncdn.com/i/teamlogos/nfl/500/ind.png', 'opponentAbbr': 'IND', 'site': 'v.', 'probability': 0.45795}, {'week': 7, 'opponent': 'Pittsburgh Steelers', 'opponentLogo': 'https://a.espncdn.com/i/teamlogos/nfl/500/pit.png', 'opponentAbbr': 'PIT', 'site': '@', 'probability': 0.4841}, {'week': 8, 'opponent': 'Denver Broncos', 'opponentLogo': 'https://a.espncdn.com/i/teamlogos/nfl/500/den.png', 'opponentAbbr': 'DEN', 'site': '@', 'probability': 0.5749}, {'week': 9, 'opponent': 'New York Jets', 'opponentLogo': 'https://a.espncdn.com/i/teamlogos/nfl/500/nyj.png', 'opponentAbbr': 'NYJ', 'site': '@', 'probability': 0.46895}, {'week': 10, 'opponent': 'Las Vegas Raiders', 'opponentLogo': 'https://a.espncdn.com/i/teamlogos/nfl/500/lv.png', 'opponentAbbr': 'LVR', 'site': 'v.', 'probability': 0.44335}, {'week': 11, 'opponent': 'Tennessee Titans', 'opponentLogo': 'https://a.espncdn.com/i/teamlogos/nfl/500/ten.png', 'opponentAbbr': 'TEN', 'site': '@', 'probability': 0.4492}, {'week': 12, 'opponent': 'Kansas City Chiefs', 'opponentLogo': 'https://a.espncdn.com/i/teamlogos/nfl/500/kc.png', 'opponentAbbr': 'KCC', 'site': '@', 'probability': 0.40895}], 'bonusGames': [{'label': 'Q1 Bonus Game', 'week': 3, 'probability': 0.64675}, {'label': 'Q2 Bonus Game', 'week': 6, 'probability': 0.4393666666666666}, {'label': 'Q3 Bonus Game', 'week': 9, 'probability': 0.4393666666666666}, {'label': 'Q4 Bonus Game', 'week': 12, 'probability': 0.4393666666666666}, {'label': 'Regular Season Bonus Game', 'week': 12, 'probability': 0.4787}]}","{'weeks': [{'week': 1, 'points': 229.4, 'weeklyMoney': False, 'allPlayRecord': '23-8', 'allPlayPct': 0.7419354838709677}], 'matchups': [{'week': 1, 'opponent': 'Denver Broncos', 'opponentLogo': 'https://a.espncdn.com/i/teamlogos/nfl/500/den.png', 'opponentAbbr': 'DEN', 'site': 'v.', 'teamScore': 229.4, 'opponentScore': 186.0, 'result': 'W'}], 'bonusGames': []}",28-3,1-0,0-0,23-8,53.81231671554253
222.0,0026,Indianapolis Colts,https://a.espncdn.com/i/teamlogos/nfl/500/ind.png,6,,y,y,1-0,0.6774193548387096,222.0,252.2,116.4,105.6,9.5531,52.73836021505376,4,4,56%,35%,8%,0.5595,0.3535,0.0763,2843.9822056456983,"{'currentWins': 1.0, 'matchups': [{'week': 2, 'opponent': 'New York Jets', 'opponentLogo': 'https://a.espncdn.com/i/teamlogos/nfl/500/nyj.png', 'opponentAbbr': 'NYJ', 'site': 'v.', 'probability': 0.50345}, {'week': 3, 'opponent': 'Houston Texans', 'opponentLogo': 'https://a.espncdn.com/i/teamlogos/nfl/500/hou.png', 'opponentAbbr': 'HOU', 'site': '@', 'probability': 0.53695}, {'week': 4, 'opponent': 'Cincinnati Bengals', 'opponentLogo': 'https://a.espncdn.com/i/teamlogos/nfl/500/cin.png', 'opponentAbbr': 'CIN', 'site': 'v.', 'probability': 0.5227}, {'week': 5, 'opponent': 'Tennessee Titans', 'opponentLogo': 'https://a.espncdn.com/i/teamlogos/nfl/500/ten.png', 'opponentAbbr': 'TEN', 'site': 'v.', 'probability': 0.49505}, {'week': 6, 'opponent': 'Los Angeles Chargers', 'opponentLogo': 'https://a.espncdn.com/i/teamlogos/nfl/500/lac.png', 'opponentAbbr': 'LAC', 'site': '@', 'probability': 0.54205}, {'week': 7, 'opponent': 'New England Patriots', 'opponentLogo': 'https://a.espncdn.com/i/teamlogos/nfl/500/ne.png', 'opponentAbbr': 'NEP', 'site': '@', 'probability': 0.5851}, {'week': 8, 'opponent': 'Jacksonville Jaguars', 'opponentLogo': 'https://a.espncdn.com/i/teamlogos/nfl/500/jax.png', 'opponentAbbr': 'JAC', 'site': '@', 'probability': 0.50495}, {'week': 9, 'opponent': 'Baltimore Ravens', 'opponentLogo': 'https://a.espncdn.com/i/teamlogos/nfl/500/bal.png', 'opponentAbbr': 'BAL', 'site': '@', 'probability': 0.515}, {'week': 10, 'opponent': 'Houston Texans', 'opponentLogo': 'https://a.espncdn.com/i/teamlogos/nfl/500/hou.png', 'opponentAbbr': 'HOU', 'site': 'v.', 'probability': 0.5348}, {'week': 11, 'opponent': 'Kansas City Chiefs', 'opponentLogo': 'https://a.espncdn.com/i/teamlogos/nfl/500/kc.png', 'opponentAbbr': 'KCC', 'site': 'v.', 'probability': 0.45745}, {'week': 12, 'opponent': 'Tennessee Titans', 'opponentLogo': 'https://a.espncdn.com/i/teamlogos/nfl/500/ten.png', 'opponentAbbr': 'TEN', 'site': '@', 'probability': 0.48735}], 'bonusGames': [{'label': 'Q1 Bonus Game', 'week': 3, 'probability': 0.677}, {'label': 'Q2 Bonus Game', 'week': 6, 'probability': 0.5311833333333333}, {'label': 'Q3 Bonus Game', 'week': 9, 'probability': 0.5311833333333333}, {'label': 'Q4 Bonus Game', 'week': 12, 'probability': 0.5311833333333333}, {'label': 'Regular Season Bonus Game', 'week': 12, 'probability': 0.5977}]}","{'weeks': [{'week': 1, 'points': 222.0, 'weeklyMoney': False, 'allPlayRecord': '21-10', 'allPlayPct': 0.6774193548387096}], 'matchups': [{'week': 1, 'opponent': 'Jacksonville Jaguars', 'opponentLogo': 'https://a.espncdn.com/i/teamlogos/nfl/500/jax.png', 'opponentAbbr': 'JAC', 'site': 'v.', 'teamScore': 222.0, 'opponentScore': 205.4, 'result': 'W'}], 'bonusGames': []}",16-15,1-0,0-0,21-10,40.469208211143695
219.4,0025,Houston Texans,https://a.espncdn.com/i/teamlogos/nfl/500/hou.png,7,,,x,1-0,0.5806451612903226,219.4,257.6,175.9,43.5,8.48825,48.172244623655914,11,NA,41%,23%,4%,0.4139,0.2282,0.0382,2776.5727233995062,"{'currentWins': 1.0, 'matchups': [{'week': 2, 'opponent': 'New England Patriots', 'opponentLogo': 'https://a.espncdn.com/i/teamlogos/nfl/500/ne.png', 'opponentAbbr': 'NEP', 'site': 'v.', 'probability': 0.5462}, {'week': 3, 'opponent': 'Indianapolis Colts', 'opponentLogo': 'https://a.espncdn.com/i/teamlogos/nfl/500/ind.png', 'opponentAbbr': 'IND', 'site': 'v.', 'probability': 0.46305}, {'week': 4, 'opponent': 'Cleveland Browns', 'opponentLogo': 'https://a.espncdn.com/i/teamlogos/nfl/500/cle.png', 'opponentAbbr': 'CLE', 'site': 'v.', 'probability': 0.39935}, {'week': 5, 'opponent': 'Jacksonville Jaguars', 'opponentLogo': 'https://a.espncdn.com/i/teamlogos/nfl/500/jax.png', 'opponentAbbr': 'JAC', 'site': 'v.', 'probability': 0.45435}, {'week': 6, 'opponent': 'Las Vegas Raiders', 'opponentLogo': 'https://a.espncdn.com/i/teamlogos/nfl/500/lv.png', 'opponentAbbr': 'LVR', 'site': '@', 'probability': 0.4473}, {'week': 7, 'opponent': 'New York Jets', 'opponentLogo': 'https://a.espncdn.com/i/teamlogos/nfl/500/nyj.png', 'opponentAbbr': 'NYJ', 'site': '@', 'probability': 0.47115}, {'week': 8, 'opponent': 'Tennessee Titans', 'opponentLogo': 'https://a.espncdn.com/i/teamlogos/nfl/500/ten.png', 'opponentAbbr': 'TEN', 'site': '@', 'probability': 0.457}, {'week': 9, 'opponent': 'Pittsburgh Steelers', 'opponentLogo': 'https://a.espncdn.com/i/teamlogos/nfl/500/pit.png', 'opponentAbbr': 'PIT', 'site': '@', 'probability': 0.47715}, {'week': 10, 'opponent': 'Indianapolis Colts', 'opponentLogo': 'https://a.espncdn.com/i/teamlogos/nfl/500/ind.png', 'opponentAbbr': 'IND', 'site': '@', 'probability': 0.4652}, {'week': 11, 'opponent': 'Denver Broncos', 'opponentLogo': 'https://a.espncdn.com/i/teamlogos/nfl/500/den.png', 'opponentAbbr': 'DEN', 'site': 'v.', 'probability': 0.5742}, {'week': 12, 'opponent': 'Jacksonville Jaguars', 'opponentLogo': 'https://a.espncdn.com/i/teamlogos/nfl/500/jax.png', 'opponentAbbr': 'JAC', 'site': '@', 'probability': 0.45195}], 'bonusGames': [{'label': 'Q1 Bonus Game', 'week': 3, 'probability': 0.5282}, {'label': 'Q2 Bonus Game', 'week': 6, 'probability': 0.43873333333333336}, {'label': 'Q3 Bonus Game', 'week': 9, 'probability': 0.43873333333333336}, {'label': 'Q4 Bonus Game', 'week': 12, 'probability': 0.43873333333333336}, {'label': 'Regular Season Bonus Game', 'week': 12, 'probability': 0.43695}]}","{'weeks': [{'week': 1, 'points': 219.4, 'weeklyMoney': False, 'allPlayRecord': '18-13', 'allPlayPct': 0.5806451612903226}], 'matchups': [{'week': 1, 'opponent': 'Tennessee Titans', 'opponentLogo': 'https://a.espncdn.com/i/teamlogos/nfl/500/ten.png', 'opponentAbbr': 'TEN', 'site': 'v.', 'teamScore': 219.4, 'opponentScore': 149.0, 'result': 'W'}], 'bonusGames': []}",19-12,1-0,0-0,18-13,50.43988269794721
219.6,0030,Kansas City Chiefs,https://a.espncdn.com/i/teamlogos/nfl/500/kc.png,8,,x,,0-1,0.6129032258064516,219.6,254.2,129.5,90.1,9.66045,56.394448924731186,3,3,61%,32%,13%,0.6108,0.322,0.1299,2913.524044106572,"{'currentWins': 0.0, 'matchups': [{'week': 2, 'opponent': 'Cleveland Browns', 'opponentLogo': 'https://a.espncdn.com/i/teamlogos/nfl/500/cle.png', 'opponentAbbr': 'CLE', 'site': 'v.', 'probability': 0.47675}, {'week': 3, 'opponent': 'Denver Broncos', 'opponentLogo': 'https://a.espncdn.com/i/teamlogos/nfl/500/den.png', 'opponentAbbr': 'DEN', 'site': 'v.', 'probability': 0.65545}, {'week': 4, 'opponent': 'New England Patriots', 'opponentLogo': 'https://a.espncdn.com/i/teamlogos/nfl/500/ne.png', 'opponentAbbr': 'NEP', 'site': 'v.', 'probability': 0.6241}, {'week': 5, 'opponent': 'Los Angeles Chargers', 'opponentLogo': 'https://a.espncdn.com/i/teamlogos/nfl/500/lac.png', 'opponentAbbr': 'LAC', 'site': '@', 'probability': 0.584}, {'week': 6, 'opponent': 'Tennessee Titans', 'opponentLogo': 'https://a.espncdn.com/i/teamlogos/nfl/500/ten.png', 'opponentAbbr': 'TEN', 'site': 'v.', 'probability': 0.53615}, {'week': 7, 'opponent': 'Cincinnati Bengals', 'opponentLogo': 'https://a.espncdn.com/i/teamlogos/nfl/500/cin.png', 'opponentAbbr': 'CIN', 'site': '@', 'probability': 0.5676}, {'week': 8, 'opponent': 'Las Vegas Raiders', 'opponentLogo': 'https://a.espncdn.com/i/teamlogos/nfl/500/lv.png', 'opponentAbbr': 'LVR', 'site': 'v.', 'probability': 0.54335}, {'week': 9, 'opponent': 'Miami Dolphins', 'opponentLogo': 'https://a.espncdn.com/i/teamlogos/nfl/500/mia.png', 'opponentAbbr': 'MIA', 'site': '@', 'probability': 0.56675}, {'week': 10, 'opponent': 'Denver Broncos', 'opponentLogo': 'https://a.espncdn.com/i/teamlogos/nfl/500/den.png', 'opponentAbbr': 'DEN', 'site': '@', 'probability': 0.66355}, {'week': 11, 'opponent': 'Indianapolis Colts', 'opponentLogo': 'https://a.espncdn.com/i/teamlogos/nfl/500/ind.png', 'opponentAbbr': 'IND', 'site': '@', 'probability': 0.54255}, {'week': 12, 'opponent': 'Los Angeles Chargers', 'opponentLogo': 'https://a.espncdn.com/i/teamlogos/nfl/500/lac.png', 'opponentAbbr': 'LAC', 'site': 'v.', 'probability': 0.59105}], 'bonusGames': [{'label': 'Q1 Bonus Game', 'week': 3, 'probability': 0.70195}, {'label': 'Q2 Bonus Game', 'week': 6, 'probability': 0.6277833333333334}, {'label': 'Q3 Bonus Game', 'week': 9, 'probability': 0.6277833333333334}, {'label': 'Q4 Bonus Game', 'week': 12, 'probability': 0.6277833333333334}, {'label': 'Regular Season Bonus Game', 'week': 12, 'probability': 0.72385}]}","{'weeks': [{'week': 1, 'points': 219.6, 'weeklyMoney': False, 'allPlayRecord': '19-12', 'allPlayPct': 0.6129032258064516}], 'matchups': [{'week': 1, 'opponent': 'Las Vegas Raiders', 'opponentLogo': 'https://a.espncdn.com/i/teamlogos/nfl/500/lv.png', 'opponentAbbr': 'LVR', 'site': '@', 'teamScore': 219.6, 'opponentScore': 268.1, 'result': 'L'}], 'bonusGames': []}",18-13,0-1,0-0,19-12,57.18475073313783
209.3,0019,New England Patriots,https://a.espncdn.com/i/teamlogos/nfl/500/ne.png,9,,,,0-1,0.532258064516129,209.3,229.7,112.4,96.9,6.4398,43.72197580645161,15,NA,20%,10%,1%,0.2034,0.1007,0.0135,2678.2577241218214,"{'currentWins': 0.0, 'matchups': [{'week': 2, 'opponent': 'Houston Texans', 'opponentLogo': 'https://a.espncdn.com/i/teamlogos/nfl/500/hou.png', 'opponentAbbr': 'HOU', 'site': '@', 'probability': 0.4538}, {'week': 3, 'opponent': 'New York Jets', 'opponentLogo': 'https://a.espncdn.com/i/teamlogos/nfl/500/nyj.png', 'opponentAbbr': 'NYJ', 'site': 'v.', 'probability': 0.43295}, {'week': 4, 'opponent': 'Kansas City Chiefs', 'opponentLogo': 'https://a.espncdn.com/i/teamlogos/nfl/500/kc.png', 'opponentAbbr': 'KCC', 'site': '@', 'probability': 0.3759}, {'week': 5, 'opponent': 'Buffalo Bills', 'opponentLogo': 'https://a.espncdn.com/i/teamlogos/nfl/500/buf.png', 'opponentAbbr': 'BUF', 'site': 'v.', 'probability': 0.44785}, {'week': 6, 'opponent': 'Pittsburgh Steelers', 'opponentLogo': 'https://a.espncdn.com/i/teamlogos/nfl/500/pit.png', 'opponentAbbr': 'PIT', 'site': 'v.', 'probability': 0.42765}, {'week': 7, 'opponent': 'Indianapolis Colts', 'opponentLogo': 'https://a.espncdn.com/i/teamlogos/nfl/500/ind.png', 'opponentAbbr': 'IND', 'site': 'v.', 'probability': 0.4149}, {'week': 8, 'opponent': 'Miami Dolphins', 'opponentLogo': 'https://a.espncdn.com/i/teamlogos/nfl/500/mia.png', 'opponentAbbr': 'MIA', 'site': '@', 'probability': 0.4445}, {'week': 9, 'opponent': 'Las Vegas Raiders', 'opponentLogo': 'https://a.espncdn.com/i/teamlogos/nfl/500/lv.png', 'opponentAbbr': 'LVR', 'site': 'v.', 'probability': 0.4068}, {'week': 10, 'opponent': 'New York Jets', 'opponentLogo': 'https://a.espncdn.com/i/teamlogos/nfl/500/nyj.png', 'opponentAbbr': 'NYJ', 'site': '@', 'probability': 0.41965}, {'week': 11, 'opponent': 'Cincinnati Bengals', 'opponentLogo': 'https://a.espncdn.com/i/teamlogos/nfl/500/cin.png', 'opponentAbbr': 'CIN', 'site': '@', 'probability': 0.4446}, {'week': 12, 'opponent': 'Buffalo Bills', 'opponentLogo': 'https://a.espncdn.com/i/teamlogos/nfl/500/buf.png', 'opponentAbbr': 'BUF', 'site': '@', 'probability': 0.4447}], 'bonusGames': [{'label': 'Q1 Bonus Game', 'week': 3, 'probability': 0.40325}, {'label': 'Q2 Bonus Game', 'week': 6, 'probability': 0.34525}, {'label': 'Q3 Bonus Game', 'week': 9, 'probability': 0.34525}, {'label': 'Q4 Bonus Game', 'week': 12, 'probability': 0.34525}, {'label': 'Regular Season Bonus Game', 'week': 12, 'probability': 0.2875}]}","{'weeks': [{'week': 1, 'points': 209.3, 'weeklyMoney': False, 'allPlayRecord': '16-14-1', 'allPlayPct': 0.532258064516129}], 'matchups': [{'week': 1, 'opponent': 'Miami Dolphins', 'opponentLogo': 'https://a.espncdn.com/i/teamlogos/nfl/500/mia.png', 'opponentAbbr': 'MIA', 'site': 'v.', 'teamScore': 209.3, 'opponentScore': 252.1, 'result': 'L'}], 'bonusGames': []}",10-21,0-1,0-0,16-14-1,56.74486803519062
205.4,0027,Jacksonville Jaguars,https://a.espncdn.com/i/teamlogos/nfl/500/jax.png,10,,,,0-1,0.4838709677419355,205.4,269.0,111.3,94.1,8.37945,50.98391129032258,8,NA,43%,22%,6%,0.427,0.2241,0.0581,2845.6146903129465,"{'currentWins': 0.0, 'matchups': [{'week': 2, 'opponent': 'Buffalo Bills', 'opponentLogo': 'https://a.espncdn.com/i/teamlogos/nfl/500/buf.png', 'opponentAbbr': 'BUF', 'site': 'v.', 'probability': 0.5255}, {'week': 3, 'opponent': 'Tennessee Titans', 'opponentLogo': 'https://a.espncdn.com/i/teamlogos/nfl/500/ten.png', 'opponentAbbr': 'TEN', 'site': '@', 'probability': 0.49395}, {'week': 4, 'opponent': 'Baltimore Ravens', 'opponentLogo': 'https://a.espncdn.com/i/teamlogos/nfl/500/bal.png', 'opponentAbbr': 'BAL', 'site': 'v.', 'probability': 0.51685}, {'week': 5, 'opponent': 'Houston Texans', 'opponentLogo': 'https://a.espncdn.com/i/teamlogos/nfl/500/hou.png', 'opponentAbbr': 'HOU', 'site': '@', 'probability': 0.54565}, {'week': 6, 'opponent': 'Denver Broncos', 'opponentLogo': 'https://a.espncdn.com/i/teamlogos/nfl/500/den.png', 'opponentAbbr': 'DEN', 'site': '@', 'probability': 0.6031}, {'week': 7, 'opponent': 'Miami Dolphins', 'opponentLogo': 'https://a.espncdn.com/i/teamlogos/nfl/500/mia.png', 'opponentAbbr': 'MIA', 'site': '@', 'probability': 0.5239}, {'week': 8, 'opponent': 'Indianapolis Colts', 'opponentLogo': 'https://a.espncdn.com/i/teamlogos/nfl/500/ind.png', 'opponentAbbr': 'IND', 'site': 'v.', 'probability': 0.49505}, {'week': 9, 'opponent': 'Cincinnati Bengals', 'opponentLogo': 'https://a.espncdn.com/i/teamlogos/nfl/500/cin.png', 'opponentAbbr': 'CIN', 'site': '@', 'probability': 0.5206}, {'week': 10, 'opponent': 'Tennessee Titans', 'opponentLogo': 'https://a.espncdn.com/i/teamlogos/nfl/500/ten.png', 'opponentAbbr': 'TEN', 'site': 'v.', 'probability': 0.48585}, {'week': 11, 'opponent': 'Las Vegas Raiders', 'opponentLogo': 'https://a.espncdn.com/i/teamlogos/nfl/500/lv.png', 'opponentAbbr': 'LVR', 'site': 'v.', 'probability': 0.4872}, {'week': 12, 'opponent': 'Houston Texans', 'opponentLogo': 'https://a.espncdn.com/i/teamlogos/nfl/500/hou.png', 'opponentAbbr': 'HOU', 'site': 'v.', 'probability': 0.54805}], 'bonusGames': [{'label': 'Q1 Bonus Game', 'week': 3, 'probability': 0.51715}, {'label': 'Q2 Bonus Game', 'week': 6, 'probability': 0.52485}, {'label': 'Q3 Bonus Game', 'week': 9, 'probability': 0.52485}, {'label': 'Q4 Bonus Game', 'week': 12, 'probability': 0.52485}, {'label': 'Regular Season Bonus Game', 'week': 12, 'probability': 0.54205}]}","{'weeks': [{'week': 1, 'points': 205.4, 'weeklyMoney': False, 'allPlayRecord': '15-16', 'allPlayPct': 0.4838709677419355}], 'matchups': [{'week': 1, 'opponent': 'Indianapolis Colts', 'opponentLogo': 'https://a.espncdn.com/i/teamlogos/nfl/500/ind.png', 'opponentAbbr': 'IND', 'site': '@', 'teamScore': 205.4, 'opponentScore': 222.0, 'result': 'L'}], 'bonusGames': []}",25-6,0-1,0-0,15-16,50.733137829912025
186.0,0029,Denver Broncos,https://a.espncdn.com/i/teamlogos/nfl/500/den.png,11,,,,0-1,0.3709677419354839,186.0,237.9,103.9,82.1,5.53875,39.778508064516124,16,NA,12%,4%,1%,0.119,0.041,0.0058,2629.405475820751,"{'currentWins': 0.0, 'matchups': [{'week': 2, 'opponent': 'Cincinnati Bengals', 'opponentLogo': 'https://a.espncdn.com/i/teamlogos/nfl/500/cin.png', 'opponentAbbr': 'CIN', 'site': 'v.', 'probability': 0.41175}, {'week': 3, 'opponent': 'Kansas City Chiefs', 'opponentLogo': 'https://a.espncdn.com/i/teamlogos/nfl/500/kc.png', 'opponentAbbr': 'KCC', 'site': '@', 'probability': 0.34455}, {'week': 4, 'opponent': 'New York Jets', 'opponentLogo': 'https://a.espncdn.com/i/teamlogos/nfl/500/nyj.png', 'opponentAbbr': 'NYJ', 'site': 'v.', 'probability': 0.4013}, {'week': 5, 'opponent': 'Las Vegas Raiders', 'opponentLogo': 'https://a.espncdn.com/i/teamlogos/nfl/500/lv.png', 'opponentAbbr': 'LVR', 'site': '@', 'probability': 0.3765}, {'week': 6, 'opponent': 'Jacksonville Jaguars', 'opponentLogo': 'https://a.espncdn.com/i/teamlogos/nfl/500/jax.png', 'opponentAbbr': 'JAC', 'site': 'v.', 'probability': 0.3969}, {'week': 7, 'opponent': 'Cleveland Browns', 'opponentLogo': 'https://a.espncdn.com/i/teamlogos/nfl/500/cle.png', 'opponentAbbr': 'CLE', 'site': '@', 'probability': 0.32925}, {'week': 8, 'opponent': 'Los Angeles Chargers', 'opponentLogo': 'https://a.espncdn.com/i/teamlogos/nfl/500/lac.png', 'opponentAbbr': 'LAC', 'site': 'v.', 'probability': 0.4251}, {'week': 9, 'opponent': 'Buffalo Bills', 'opponentLogo': 'https://a.espncdn.com/i/teamlogos/nfl/500/buf.png', 'opponentAbbr': 'BUF', 'site': '@', 'probability': 0.42475}, {'week': 10, 'opponent': 'Kansas City Chiefs', 'opponentLogo': 'https://a.espncdn.com/i/teamlogos/nfl/500/kc.png', 'opponentAbbr': 'KCC', 'site': 'v.', 'probability': 0.33645}, {'week': 11, 'opponent': 'Houston Texans', 'opponentLogo': 'https://a.espncdn.com/i/teamlogos/nfl/500/hou.png', 'opponentAbbr': 'HOU', 'site': '@', 'probability': 0.4258}, {'week': 12, 'opponent': 'Las Vegas Raiders', 'opponentLogo': 'https://a.espncdn.com/i/teamlogos/nfl/500/lv.png', 'opponentAbbr': 'LVR', 'site': 'v.', 'probability': 0.3766}], 'bonusGames': [{'label': 'Q1 Bonus Game', 'week': 3, 'probability': 0.2337}, {'label': 'Q2 Bonus Game', 'week': 6, 'probability': 0.2922166666666666}, {'label': 'Q3 Bonus Game', 'week': 9, 'probability': 0.2922166666666666}, {'label': 'Q4 Bonus Game', 'week': 12, 'probability': 0.2922166666666666}, {'label': 'Regular Season Bonus Game', 'week': 12, 'probability': 0.17945}]}","{'weeks': [{'week': 1, 'points': 186.0, 'weeklyMoney': False, 'allPlayRecord': '11-19-1', 'allPlayPct': 0.3709677419354839}], 'matchups': [{'week': 1, 'opponent': 'Los Angeles Chargers', 'opponentLogo': 'https://a.espncdn.com/i/teamlogos/nfl/500/lac.png', 'opponentAbbr': 'LAC', 'site': '@', 'teamScore': 186.0, 'opponentScore': 229.4, 'result': 'L'}], 'bonusGames': []}",12-19,0-1,0-0,11-19-1,63.196480938416435
179.2,0020,New York Jets,https://a.espncdn.com/i/teamlogos/nfl/500/nyj.png,12,,,,0-1,0.2903225806451613,179.2,246.8,78.1,101.1,8.1514,48.78880376344086,10,NA,40%,22%,4%,0.395,0.2167,0.0375,2816.316718882696,"{'currentWins': 0.0, 'matchups': [{'week': 2, 'opponent': 'Indianapolis Colts', 'opponentLogo': 'https://a.espncdn.com/i/teamlogos/nfl/500/ind.png', 'opponentAbbr': 'IND', 'site': '@', 'probability': 0.49655}, {'week': 3, 'opponent': 'New England Patriots', 'opponentLogo': 'https://a.espncdn.com/i/teamlogos/nfl/500/ne.png', 'opponentAbbr': 'NEP', 'site': '@', 'probability': 0.56705}, {'week': 4, 'opponent': 'Denver Broncos', 'opponentLogo': 'https://a.espncdn.com/i/teamlogos/nfl/500/den.png', 'opponentAbbr': 'DEN', 'site': '@', 'probability': 0.5987}, {'week': 5, 'opponent': 'Miami Dolphins', 'opponentLogo': 'https://a.espncdn.com/i/teamlogos/nfl/500/mia.png', 'opponentAbbr': 'MIA', 'site': 'v.', 'probability': 0.51125}, {'week': 6, 'opponent': 'Baltimore Ravens', 'opponentLogo': 'https://a.espncdn.com/i/teamlogos/nfl/500/bal.png', 'opponentAbbr': 'BAL', 'site': 'v.', 'probability': 0.5204}, {'week': 7, 'opponent': 'Houston Texans', 'opponentLogo': 'https://a.espncdn.com/i/teamlogos/nfl/500/hou.png', 'opponentAbbr': 'HOU', 'site': 'v.', 'probability': 0.52885}, {'week': 8, 'opponent': 'Buffalo Bills', 'opponentLogo': 'https://a.espncdn.com/i/teamlogos/nfl/500/buf.png', 'opponentAbbr': 'BUF', 'site': '@', 'probability': 0.52245}, {'week': 9, 'opponent': 'Los Angeles Chargers', 'opponentLogo': 'https://a.espncdn.com/i/teamlogos/nfl/500/lac.png', 'opponentAbbr': 'LAC', 'site': 'v.', 'probability': 0.53105}, {'week': 10, 'opponent': 'New England Patriots', 'opponentLogo': 'https://a.espncdn.com/i/teamlogos/nfl/500/ne.png', 'opponentAbbr': 'NEP', 'site': 'v.', 'probability': 0.58035}, {'week': 11, 'opponent': 'Cleveland Browns', 'opponentLogo': 'https://a.espncdn.com/i/teamlogos/nfl/500/cle.png', 'opponentAbbr': 'CLE', 'site': '@', 'probability': 0.43005}, {'week': 12, 'opponent': 'Miami Dolphins', 'opponentLogo': 'https://a.espncdn.com/i/teamlogos/nfl/500/mia.png', 'opponentAbbr': 'MIA', 'site': '@', 'probability': 0.5199}], 'bonusGames': [{'label': 'Q1 Bonus Game', 'week': 3, 'probability': 0.3389}, {'label': 'Q2 Bonus Game', 'week': 6, 'probability': 0.5147166666666666}, {'label': 'Q3 Bonus Game', 'week': 9, 'probability': 0.5147166666666666}, {'label': 'Q4 Bonus Game', 'week': 12, 'probability': 0.5147166666666666}, {'label': 'Regular Season Bonus Game', 'week': 12, 'probability': 0.46175}]}","{'weeks': [{'week': 1, 'points': 179.2, 'weeklyMoney': False, 'allPlayRecord': '9-22', 'allPlayPct': 0.2903225806451613}], 'matchups': [{'week': 1, 'opponent': 'Buffalo Bills', 'opponentLogo': 'https://a.espncdn.com/i/teamlogos/nfl/500/buf.png', 'opponentAbbr': 'BUF', 'site': 'v.', 'teamScore': 179.2, 'opponentScore': 242.5, 'result': 'L'}], 'bonusGames': []}",14-17,0-1,0-0,9-22,64.95601173020528
177.4,0021,Baltimore Ravens,https://a.espncdn.com/i/teamlogos/nfl/500/bal.png,13,,,,1-0,0.25806451612903225,177.4,223.9,48.400000000000006,129.0,8.4478,47.34618279569893,12,NA,40%,19%,3%,0.4034,0.1945,0.03,2768.727087321111,"{'currentWins': 1.0, 'matchups': [{'week': 2, 'opponent': 'Los Angeles Chargers', 'opponentLogo': 'https://a.espncdn.com/i/teamlogos/nfl/500/lac.png', 'opponentAbbr': 'LAC', 'site': '@', 'probability': 0.5224}, {'week': 3, 'opponent': 'Pittsburgh Steelers', 'opponentLogo': 'https://a.espncdn.com/i/teamlogos/nfl/500/pit.png', 'opponentAbbr': 'PIT', 'site': '@', 'probability': 0.50085}, {'week': 4, 'opponent': 'Jacksonville Jaguars', 'opponentLogo': 'https://a.espncdn.com/i/teamlogos/nfl/500/jax.png', 'opponentAbbr': 'JAC', 'site': '@', 'probability': 0.48315}, {'week': 5, 'opponent': 'Cleveland Browns', 'opponentLogo': 'https://a.espncdn.com/i/teamlogos/nfl/500/cle.png', 'opponentAbbr': 'CLE', 'site': 'v.', 'probability': 0.41265}, {'week': 6, 'opponent': 'New York Jets', 'opponentLogo': 'https://a.espncdn.com/i/teamlogos/nfl/500/nyj.png', 'opponentAbbr': 'NYJ', 'site': '@', 'probability': 0.4796}, {'week': 7, 'opponent': 'Las Vegas Raiders', 'opponentLogo': 'https://a.espncdn.com/i/teamlogos/nfl/500/lv.png', 'opponentAbbr': 'LVR', 'site': 'v.', 'probability': 0.4746}, {'week': 8, 'opponent': 'Cincinnati Bengals', 'opponentLogo': 'https://a.espncdn.com/i/teamlogos/nfl/500/cin.png', 'opponentAbbr': 'CIN', 'site': '@', 'probability': 0.5143}, {'week': 9, 'opponent': 'Indianapolis Colts', 'opponentLogo': 'https://a.espncdn.com/i/teamlogos/nfl/500/ind.png', 'opponentAbbr': 'IND', 'site': 'v.', 'probability': 0.485}, {'week': 10, 'opponent': 'Pittsburgh Steelers', 'opponentLogo': 'https://a.espncdn.com/i/teamlogos/nfl/500/pit.png', 'opponentAbbr': 'PIT', 'site': 'v.', 'probability': 0.4967}, {'week': 11, 'opponent': 'Miami Dolphins', 'opponentLogo': 'https://a.espncdn.com/i/teamlogos/nfl/500/mia.png', 'opponentAbbr': 'MIA', 'site': 'v.', 'probability': 0.49465}, {'week': 12, 'opponent': 'Cleveland Browns', 'opponentLogo': 'https://a.espncdn.com/i/teamlogos/nfl/500/cle.png', 'opponentAbbr': 'CLE', 'site': '@', 'probability': 0.41335}], 'bonusGames': [{'label': 'Q1 Bonus Game', 'week': 3, 'probability': 0.2931}, {'label': 'Q2 Bonus Game', 'week': 6, 'probability': 0.48674999999999996}, {'label': 'Q3 Bonus Game', 'week': 9, 'probability': 0.48674999999999996}, {'label': 'Q4 Bonus Game', 'week': 12, 'probability': 0.48674999999999996}, {'label': 'Regular Season Bonus Game', 'week': 12, 'probability': 0.4172}]}","{'weeks': [{'week': 1, 'points': 177.4, 'weeklyMoney': False, 'allPlayRecord': '8-23', 'allPlayPct': 0.25806451612903225}], 'matchups': [{'week': 1, 'opponent': 'Cincinnati Bengals', 'opponentLogo': 'https://a.espncdn.com/i/teamlogos/nfl/500/cin.png', 'opponentAbbr': 'CIN', 'site': 'v.', 'teamScore': 177.4, 'opponentScore': 138.0, 'result': 'W'}], 'bonusGames': []}",8-23,1-0,0-0,8-23,53.81231671554253
149.0,0028,Tennessee Titans,https://a.espncdn.com/i/teamlogos/nfl/500/ten.png,14,,,,0-1,0.16129032258064516,149.0,185.2,73.4,75.6,8.05005,49.304825268817204,9,NA,39%,19%,4%,0.3865,0.1942,0.0437,2751.0868590146347,"{'currentWins': 0.0, 'matchups': [{'week': 2, 'opponent': 'Miami Dolphins', 'opponentLogo': 'https://a.espncdn.com/i/teamlogos/nfl/500/mia.png', 'opponentAbbr': 'MIA', 'site': 'v.', 'probability': 0.52725}, {'week': 3, 'opponent': 'Jacksonville Jaguars', 'opponentLogo': 'https://a.espncdn.com/i/teamlogos/nfl/500/jax.png', 'opponentAbbr': 'JAC', 'site': 'v.', 'probability': 0.50605}, {'week': 4, 'opponent': 'Pittsburgh Steelers', 'opponentLogo': 'https://a.espncdn.com/i/teamlogos/nfl/500/pit.png', 'opponentAbbr': 'PIT', 'site': 'v.', 'probability': 0.53455}, {'week': 5, 'opponent': 'Indianapolis Colts', 'opponentLogo': 'https://a.espncdn.com/i/teamlogos/nfl/500/ind.png', 'opponentAbbr': 'IND', 'site': '@', 'probability': 0.50495}, {'week': 6, 'opponent': 'Kansas City Chiefs', 'opponentLogo': 'https://a.espncdn.com/i/teamlogos/nfl/500/kc.png', 'opponentAbbr': 'KCC', 'site': '@', 'probability': 0.46385}, {'week': 7, 'opponent': 'Buffalo Bills', 'opponentLogo': 'https://a.espncdn.com/i/teamlogos/nfl/500/buf.png', 'opponentAbbr': 'BUF', 'site': '@', 'probability': 0.545}, {'week': 8, 'opponent': 'Houston Texans', 'opponentLogo': 'https://a.espncdn.com/i/teamlogos/nfl/500/hou.png', 'opponentAbbr': 'HOU', 'site': 'v.', 'probability': 0.543}, {'week': 9, 'opponent': 'Cleveland Browns', 'opponentLogo': 'https://a.espncdn.com/i/teamlogos/nfl/500/cle.png', 'opponentAbbr': 'CLE', 'site': '@', 'probability': 0.4384}, {'week': 10, 'opponent': 'Jacksonville Jaguars', 'opponentLogo': 'https://a.espncdn.com/i/teamlogos/nfl/500/jax.png', 'opponentAbbr': 'JAC', 'site': '@', 'probability': 0.51415}, {'week': 11, 'opponent': 'Los Angeles Chargers', 'opponentLogo': 'https://a.espncdn.com/i/teamlogos/nfl/500/lac.png', 'opponentAbbr': 'LAC', 'site': 'v.', 'probability': 0.5508}, {'week': 12, 'opponent': 'Indianapolis Colts', 'opponentLogo': 'https://a.espncdn.com/i/teamlogos/nfl/500/ind.png', 'opponentAbbr': 'IND', 'site': 'v.', 'probability': 0.51265}], 'bonusGames': [{'label': 'Q1 Bonus Game', 'week': 3, 'probability': 0.2753}, {'label': 'Q2 Bonus Game', 'week': 6, 'probability': 0.5514166666666666}, {'label': 'Q3 Bonus Game', 'week': 9, 'probability': 0.5514166666666666}, {'label': 'Q4 Bonus Game', 'week': 12, 'probability': 0.5514166666666666}, {'label': 'Regular Season Bonus Game', 'week': 12, 'probability': 0.47985}]}","{'weeks': [{'week': 1, 'points': 149.0, 'weeklyMoney': False, 'allPlayRecord': '5-26', 'allPlayPct': 0.16129032258064516}], 'matchups': [{'week': 1, 'opponent': 'Houston Texans', 'opponentLogo': 'https://a.espncdn.com/i/teamlogos/nfl/500/hou.png', 'opponentAbbr': 'HOU', 'site': '@', 'teamScore': 149.0, 'opponentScore': 219.4, 'result': 'L'}], 'bonusGames': []}",2-29,0-1,0-0,5-26,63.049853372434015
146.2,0024,Pittsburgh Steelers,https://a.espncdn.com/i/teamlogos/nfl/500/pit.png,15,,,,0-1,0.12903225806451613,146.2,238.7,61.8,84.39999999999999,7.5035,46.11583333333334,13,NA,31%,12%,2%,0.306,0.1169,0.0228,2782.706622030645,"{'currentWins': 0.0, 'matchups': [{'week': 2, 'opponent': 'Las Vegas Raiders', 'opponentLogo': 'https://a.espncdn.com/i/teamlogos/nfl/500/lv.png', 'opponentAbbr': 'LVR', 'site': '@', 'probability': 0.46045}, {'week': 3, 'opponent': 'Baltimore Ravens', 'opponentLogo': 'https://a.espncdn.com/i/teamlogos/nfl/500/bal.png', 'opponentAbbr': 'BAL', 'site': 'v.', 'probability': 0.49915}, {'week': 4, 'opponent': 'Tennessee Titans', 'opponentLogo': 'https://a.espncdn.com/i/teamlogos/nfl/500/ten.png', 'opponentAbbr': 'TEN', 'site': '@', 'probability': 0.46545}, {'week': 5, 'opponent': 'Cincinnati Bengals', 'opponentLogo': 'https://a.espncdn.com/i/teamlogos/nfl/500/cin.png', 'opponentAbbr': 'CIN', 'site': 'v.', 'probability': 0.50305}, {'week': 6, 'opponent': 'New England Patriots', 'opponentLogo': 'https://a.espncdn.com/i/teamlogos/nfl/500/ne.png', 'opponentAbbr': 'NEP', 'site': '@', 'probability': 0.57235}, {'week': 7, 'opponent': 'Los Angeles Chargers', 'opponentLogo': 'https://a.espncdn.com/i/teamlogos/nfl/500/lac.png', 'opponentAbbr': 'LAC', 'site': 'v.', 'probability': 0.5159}, {'week': 8, 'opponent': 'Cleveland Browns', 'opponentLogo': 'https://a.espncdn.com/i/teamlogos/nfl/500/cle.png', 'opponentAbbr': 'CLE', 'site': '@', 'probability': 0.41915}, {'week': 9, 'opponent': 'Houston Texans', 'opponentLogo': 'https://a.espncdn.com/i/teamlogos/nfl/500/hou.png', 'opponentAbbr': 'HOU', 'site': 'v.', 'probability': 0.52285}, {'week': 10, 'opponent': 'Baltimore Ravens', 'opponentLogo': 'https://a.espncdn.com/i/teamlogos/nfl/500/bal.png', 'opponentAbbr': 'BAL', 'site': '@', 'probability': 0.5033}, {'week': 11, 'opponent': 'Buffalo Bills', 'opponentLogo': 'https://a.espncdn.com/i/teamlogos/nfl/500/buf.png', 'opponentAbbr': 'BUF', 'site': 'v.', 'probability': 0.5185}, {'week': 12, 'opponent': 'Cincinnati Bengals', 'opponentLogo': 'https://a.espncdn.com/i/teamlogos/nfl/500/cin.png', 'opponentAbbr': 'CIN', 'site': '@', 'probability': 0.5005}], 'bonusGames': [{'label': 'Q1 Bonus Game', 'week': 3, 'probability': 0.2048}, {'label': 'Q2 Bonus Game', 'week': 6, 'probability': 0.4819166666666667}, {'label': 'Q3 Bonus Game', 'week': 9, 'probability': 0.4819166666666667}, {'label': 'Q4 Bonus Game', 'week': 12, 'probability': 0.4819166666666667}, {'label': 'Regular Season Bonus Game', 'week': 12, 'probability': 0.3723}]}","{'weeks': [{'week': 1, 'points': 146.2, 'weeklyMoney': False, 'allPlayRecord': '4-27', 'allPlayPct': 0.12903225806451613}], 'matchups': [{'week': 1, 'opponent': 'Cleveland Browns', 'opponentLogo': 'https://a.espncdn.com/i/teamlogos/nfl/500/cle.png', 'opponentAbbr': 'CLE', 'site': 'v.', 'teamScore': 146.2, 'opponentScore': 230.4, 'result': 'L'}], 'bonusGames': []}",13-18,0-1,0-0,4-27,47.65395894428153
138.0,0022,Cincinnati Bengals,https://a.espncdn.com/i/teamlogos/nfl/500/cin.png,16,,,,0-1,0.04838709677419355,138.0,189.1,57.8,80.2,7.293,45.29422043010752,14,NA,28%,12%,2%,0.2807,0.1212,0.0183,2711.008162802881,"{'currentWins': 0.0, 'matchups': [{'week': 2, 'opponent': 'Denver Broncos', 'opponentLogo': 'https://a.espncdn.com/i/teamlogos/nfl/500/den.png', 'opponentAbbr': 'DEN', 'site': '@', 'probability': 0.58825}, {'week': 3, 'opponent': 'Cleveland Browns', 'opponentLogo': 'https://a.espncdn.com/i/teamlogos/nfl/500/cle.png', 'opponentAbbr': 'CLE', 'site': '@', 'probability': 0.41315}, {'week': 4, 'opponent': 'Indianapolis Colts', 'opponentLogo': 'https://a.espncdn.com/i/teamlogos/nfl/500/ind.png', 'opponentAbbr': 'IND', 'site': '@', 'probability': 0.4773}, {'week': 5, 'opponent': 'Pittsburgh Steelers', 'opponentLogo': 'https://a.espncdn.com/i/teamlogos/nfl/500/pit.png', 'opponentAbbr': 'PIT', 'site': '@', 'probability': 0.49695}, {'week': 6, 'opponent': 'Buffalo Bills', 'opponentLogo': 'https://a.espncdn.com/i/teamlogos/nfl/500/buf.png', 'opponentAbbr': 'BUF', 'site': '@', 'probability': 0.50245}, {'week': 7, 'opponent': 'Kansas City Chiefs', 'opponentLogo': 'https://a.espncdn.com/i/teamlogos/nfl/500/kc.png', 'opponentAbbr': 'KCC', 'site': 'v.', 'probability': 0.4324}, {'week': 8, 'opponent': 'Baltimore Ravens', 'opponentLogo': 'https://a.espncdn.com/i/teamlogos/nfl/500/bal.png', 'opponentAbbr': 'BAL', 'site': 'v.', 'probability': 0.4857}, {'week': 9, 'opponent': 'Jacksonville Jaguars', 'opponentLogo': 'https://a.espncdn.com/i/teamlogos/nfl/500/jax.png', 'opponentAbbr': 'JAC', 'site': 'v.', 'probability': 0.4794}, {'week': 10, 'opponent': 'Cleveland Browns', 'opponentLogo': 'https://a.espncdn.com/i/teamlogos/nfl/500/cle.png', 'opponentAbbr': 'CLE', 'site': 'v.', 'probability': 0.418}, {'week': 11, 'opponent': 'New England Patriots', 'opponentLogo': 'https://a.espncdn.com/i/teamlogos/nfl/500/ne.png', 'opponentAbbr': 'NEP', 'site': 'v.', 'probability': 0.5554}, {'week': 12, 'opponent': 'Pittsburgh Steelers', 'opponentLogo': 'https://a.espncdn.com/i/teamlogos/nfl/500/pit.png', 'opponentAbbr': 'PIT', 'site': 'v.', 'probability': 0.4995}], 'bonusGames': [{'label': 'Q1 Bonus Game', 'week': 3, 'probability': 0.1642}, {'label': 'Q2 Bonus Game', 'week': 6, 'probability': 0.47938333333333333}, {'label': 'Q3 Bonus Game', 'week': 9, 'probability': 0.47938333333333333}, {'label': 'Q4 Bonus Game', 'week': 12, 'probability': 0.47938333333333333}, {'label': 'Regular Season Bonus Game', 'week': 12, 'probability': 0.34215}]}","{'weeks': [{'week': 1, 'points': 138.0, 'weeklyMoney': False, 'allPlayRecord': '1-29-1', 'allPlayPct': 0.04838709677419355}], 'matchups': [{'week': 1, 'opponent': 'Baltimore Ravens', 'opponentLogo': 'https://a.espncdn.com/i/teamlogos/nfl/500/bal.png', 'opponentAbbr': 'BAL', 'site': '@', 'teamScore': 138.0, 'opponentScore': 177.4, 'result': 'L'}], 'bonusGames': []}",3-28,0-1,0-0,1-29-1,51.02639296187683
