season,week,byes
2018,1,0
2018,2,0
2018,3,0
2018,4,2
2018,5,2
2018,6,2
2018,7,4
2018,8,4
2018,9,6
2018,10,4
2018,11,6
2018,12,2
2019,1,0
2019,2,0
2019,3,0
2019,4,2
2019,5,2
2019,6,4
2019,7,4
2019,8,2
2019,9,4
2019,10,6
2019,11,4
2019,12,4
2020,1,0
2020,2,0
2020,3,0
2020,4,2
2020,5,4
2020,6,4
2020,7,4
2020,8,4
2020,9,4
2020,10,4
2020,11,4
2020,12,0
2021,1,0
2021,2,0
2021,3,0
2021,4,0
2021,5,0
2021,6,4
2021,7,6
2021,8,2
2021,9,4
2021,10,4
2021,11,2
2021,12,2
2022,1,0
2022,2,0
2022,3,0
2022,4,0
2022,5,0
2022,6,4
2022,7,4
2022,8,2
2022,9,6
2022,10,4
2022,11,4
2022,12,0
2023,1,0
2023,2,0
2023,3,0
2023,4,0
2023,5,4
2023,6,2
2023,7,6
2023,8,0
2023,9,4
2023,10,4
2023,11,4
2023,12,0
2024,1,0
2024,2,0
2024,3,0
2024,4,0
2024,5,4
2024,6,4
2024,7,2
2024,8,0
2024,9,2
2024,10,4
2024,11,4
2024,12,6
2025,1,0
2025,2,0
2025,3,0
2025,4,0
2025,5,4
2025,6,2
2025,7,2
2025,8,6
2025,9,4
2025,10,4
2025,11,2
2025,12,4
2026,1,0
2026,2,0
2026,3,0
2026,4,0
2026,5,2
2026,6,4
2026,7,4
2026,8,4
2026,9,2
2026,10,4
2026,11,6
2026,12,0
2026,13,4
2026,14,2
2026,15,0
2026,16,0
2026,17,0
2026,18,0
