season,week,franchise_name,elo,off,deff,potential,composite,adjusted_all_play,actual_all_play,expected_all_play,k
2026,0,Arizona Cardinals,1497.034441,,,,,,,,
2026,0,Atlanta Falcons,1503.90678,,,,,,,,
2026,0,Baltimore Ravens,1461.406621,,,,,,,,
2026,0,Buffalo Bills,1473.020963,,,,,,,,
2026,0,Carolina Panthers,1519.464893,,,,,,,,
2026,0,Chicago Bears,1505.412935,,,,,,,,
2026,0,Cincinnati Bengals,1518.894959,,,,,,,,
2026,0,Cleveland Browns,1502.333965,,,,,,,,
2026,0,Dallas Cowboys,1484.860733,,,,,,,,
2026,0,Denver Broncos,1550.382121,,,,,,,,
2026,0,Detroit Lions,1501.009633,,,,,,,,
2026,0,Green Bay Packers,1471.473734,,,,,,,,
2026,0,Houston Texans,1508.058962,,,,,,,,
2026,0,Indianapolis Colts,1509.77277,,,,,,,,
2026,0,Jacksonville Jaguars,1526.87212,,,,,,,,
2026,0,Kansas City Chiefs,1491.112404,,,,,,,,
2026,0,Las Vegas Raiders,1506.647613,,,,,,,,
2026,0,Los Angeles Chargers,1477.796385,,,,,,,,
2026,0,Los Angeles Rams,1502.472398,,,,,,,,
2026,0,Miami Dolphins,1517.638253,,,,,,,,
2026,0,Minnesota Vikings,1526.232231,,,,,,,,
2026,0,New England Patriots,1484.198082,,,,,,,,
2026,0,New Orleans Saints,1479.723003,,,,,,,,
2026,0,New York Giants,1502.008692,,,,,,,,
2026,0,New York Jets,1489.538399,,,,,,,,
2026,0,Philadelphia Eagles,1508.277723,,,,,,,,
2026,0,Pittsburgh Steelers,1458.282057,,,,,,,,
2026,0,San Francisco 49ers,1484.059192,,,,,,,,
2026,0,Seattle Seahawks,1480.617859,,,,,,,,
2026,0,Tampa Bay Buccaneers,1500.195801,,,,,,,,
2026,0,Tennessee Titans,1488.544867,,,,,,,,
2026,0,Washington Commanders,1568.749414,,,,,,,,
2026,1,Arizona Cardinals,1487.29737110304,60.400000000000006,124.4,223.0,136.93627350558,10.0,10.0,15.365197274573482,1.814857758
2026,1,Atlanta Falcons,1489.9681657813976,129.8,61.7,214.9,134.01513774642,8.0,14.0,15.680279160810308,1.814857758
2026,1,Baltimore Ravens,1452.8064233128202,48.400000000000006,129.0,223.9,135.07333425490998,9.0,8.0,13.73877230833633,1.814857758
2026,1,Buffalo Bills,1494.3153952947011,137.4,105.1,286.4,175.44977494736997,26.0,27.0,14.266610867527213,1.814857758
2026,1,Carolina Panthers,1529.6413755274257,138.5,96.4,253.6,161.84293694002,22.0,25.0,16.39268312760764,1.814857758
2026,1,Chicago Bears,1489.5341589726977,84.80000000000001,89.6,226.2,133.4161664341,7.0,7.0,15.749322616225854,1.814857758
2026,1,Cincinnati Bengals,1492.82156682806,57.8,80.2,189.1,109.27359501163,2.0,1.5,16.366631245345175,1.814857758
2026,1,Cleveland Browns,1515.749080086275,131.60000000000002,98.8,259.0,162.30554389894002,23.0,24.0,15.608172719244607,1.814857758
2026,1,Dallas Cowboys,1514.2478873099508,142.70000000000002,119.4,320.0,193.31605490896,31.0,29.0,14.807461394475375,1.814857758
2026,1,Denver Broncos,1539.8646363512405,103.9,82.1,237.9,140.67637659742002,12.0,11.5,17.795211554402993,1.814857758
2026,1,Detroit Lions,1501.8309387541399,99.1,120.8,247.7,156.06755072105,16.0,20.0,15.547454476517732,1.814857758
2026,1,Green Bay Packers,1465.6732433191798,90.1,95.9,234.3,139.99811782924002,11.0,11.5,14.196113114237832,1.814857758
2026,1,Houston Texans,1510.1086722773928,175.9,43.5,257.6,156.30264448327,17.0,18.0,15.87059453097227,1.814857758
2026,1,Indianapolis Colts,1518.9394000335924,116.4,105.6,252.2,157.65435653926,21.0,21.0,15.949119294233753,1.814857758
2026,1,Jacksonville Jaguars,1532.8052734036266,111.3,94.1,269.0,157.56390860399,20.0,15.0,16.730788747783187,1.814857758
2026,1,Kansas City Chiefs,1496.3868215881837,129.5,90.1,254.2,156.98116812847,18.0,19.0,15.093757036917227,1.814857758
2026,1,Las Vegas Raiders,1530.5930015163592,101.20000000000002,166.9,283.2,184.77379178507,29.0,30.0,15.805914452079541,1.814857758
2026,1,Los Angeles Chargers,1500.5102598034775,94.5,134.9,298.6,176.48203298847,27.0,23.0,14.484487584025118,1.814857758
2026,1,Los Angeles Rams,1475.9491239626877,63.2,79.2,179.1,107.30535377997,1.0,3.0,15.61451946875513,1.814857758
2026,1,Miami Dolphins,1533.410872001409,133.3,118.8,268.3,172.98356811755002,25.0,28.0,16.309170687409427,1.814857758
2026,1,Minnesota Vikings,1503.1805974900194,72.1,65.9,204.7,113.91527622216,4.0,1.5,16.70161995251007,1.814857758
2026,1,New England Patriots,1482.7876873609475,112.4,96.9,229.7,145.85713629034,14.0,16.5,14.777137840602416,1.814857758
2026,1,New Orleans Saints,1504.0920060723547,140.5,84.3,316.9,179.21069327149996,28.0,22.0,14.572499709724063,1.814857758
2026,1,New York Giants,1484.5982900887284,72.19999999999999,99.4,222.7,131.73838501627,6.0,6.0,15.59325976624104,1.814857758
2026,1,New York Jets,1485.8694027453287,78.1,101.1,246.8,142.19624511271002,13.0,9.0,15.021643976503462,1.814857758
2026,1,Philadelphia Eagles,1523.0132446097894,161.2,74.8,258.2,162.90807785165998,24.0,26.0,15.880618993508207,1.814857758
2026,1,Pittsburgh Steelers,1442.6790406431076,61.8,84.39999999999999,238.7,128.47625365713,5.0,4.0,13.597377005505411,1.814857758
2026,1,San Francisco 49ers,1484.475188712521,85.4,104.5,265.3,151.83703112518,15.0,13.0,14.770782745541672,1.814857758
2026,1,Seattle Seahawks,1454.0966202228644,32.3,87.4,173.0,98.42907594822,0.0,0.0,14.613398025398089,1.814857758
2026,1,Tampa Bay Buccaneers,1506.5293988507126,74.4,134.9,260.5,157.49985962178,19.0,16.5,15.510140906198544,1.814857758
2026,1,Tennessee Titans,1466.8098854716957,73.4,75.6,185.2,111.27632748835998,3.0,5.0,14.976135006997296,1.814857758
2026,1,Washington Commanders,1589.4149735042743,163.3,106.5,305.4,190.41676057575,30.0,31.0,18.613124409789545,1.814857758
2026,2,Arizona Cardinals,1474.2804744809441,87.0,94.5,217.0,132.78566681225,10.0,12.0,14.920936876133002,2.64520699
2026,2,Atlanta Falcons,1513.661386190792,131.0,108.5,263.9,167.16439673972,24.0,28.0,15.042961666529424,2.64520699
2026,2,Baltimore Ravens,1457.1550632984618,95.7,109.7,232.6,146.06851001606998,15.0,18.5,13.356030359030084,2.64520699
2026,2,Buffalo Bills,1496.3212929036467,60.0,117.5,259.5,146.4882117061,16.0,11.0,15.241685956324531,2.64520699
2026,2,Carolina Panthers,1514.156180261294,104.6,79.3,228.4,136.75680898471,11.0,14.0,16.854058047129136,2.64520699
2026,2,Chicago Bears,1526.505876942096,115.4,120.7,290.3,175.3093449417,29.0,25.0,15.023128583446638,2.64520699
2026,2,Cincinnati Bengals,1471.2012665598133,82.00000000000001,79.3,205.6,122.06343280831,7.0,7.0,15.173386940976798,2.64520699
2026,2,Cleveland Browns,1509.8728851867631,60.6,126.6,247.3,145.83929629541,14.0,15.0,16.221449936328746,2.64520699
2026,2,Dallas Cowboys,1542.940659781115,114.5,137.4,259.3,170.62988703323003,27.0,30.0,16.15291976029279,2.64520699
2026,2,Denver Broncos,1560.1877567697532,165.5,71.1,272.9,167.83696052758,25.0,26.0,17.317001846984915,2.64520699
2026,2,Detroit Lions,1465.8947664973775,25.499999999999982,108.2,174.2,104.02075966657999,2.0,2.0,15.585391386237902,2.64520699
2026,2,Green Bay Packers,1481.7121223695162,98.0,113.9,248.5,153.55188867203998,20.0,22.0,13.936626089765333,2.64520699
2026,2,Houston Texans,1523.4303427370332,115.1,99.2,250.9,154.55514137505,21.0,23.0,15.963845736835676,2.64520699
2026,2,Indianapolis Colts,1525.9042341832399,116.29999999999998,91.9,252.9,153.02192489414,19.0,21.0,16.366998433023426,2.64520699
2026,2,Jacksonville Jaguars,1569.8444923526724,166.0,125.8,348.9,212.51227797305,31.0,31.0,16.997610361279992,2.64520699
2026,2,Kansas City Chiefs,1458.4640552933645,59.0,63.8,173.0,98.52363194828,1.0,1.0,15.336407864557772,2.64520699
2026,2,Las Vegas Raiders,1501.7674950516455,80.69999999999999,90.0,192.3,121.01474836191,6.0,9.0,16.897259297168933,2.64520699
2026,2,Los Angeles Chargers,1491.1859307313941,70.1,85.0,258.0,137.71007911376,12.0,6.0,15.524990334341826,2.64520699
2026,2,Los Angeles Rams,1482.8177693326938,93.0,100.0,248.0,146.9053812762,17.0,16.0,14.40336185562318,2.64520699
2026,2,Miami Dolphins,1557.1514442431892,102.79999999999998,142.8,262.8,170.006583372,26.0,29.0,17.02506067331229,2.64520699
2026,2,Minnesota Vikings,1461.7907390632504,23.200000000000003,80.2,167.5,91.19401136119001,0.0,0.0,15.647115172173748,2.64520699
2026,2,New England Patriots,1451.7989447684627,45.80000000000001,94.5,189.3,110.60040141882001,3.0,3.0,14.715053948381138,2.64520699
2026,2,New Orleans Saints,1541.9481079934046,87.0,149.8,297.1,178.87553416531,30.0,27.0,15.68879408524095,2.64520699
2026,2,New York Giants,1506.2951051141831,80.80000000000001,145.0,257.9,162.21857366535,23.0,24.0,14.797687248114114,2.64520699
2026,2,New York Jets,1504.7674984480473,88.80000000000001,117.5,260.8,156.00221891937002,22.0,20.0,14.855721395655861,2.64520699
2026,2,Philadelphia Eagles,1553.2938732627083,115.8,89.6,315.6,172.85946907312,28.0,18.5,16.552643037995658,2.64520699
2026,2,Pittsburgh Steelers,1421.774115835313,64.00000000000001,89.8,192.6,115.77709211216,5.0,4.0,12.902944792911848,2.64520699
2026,2,San Francisco 49ers,1466.5087633450103,74.79999999999998,95.4,212.9,127.89511930008999,8.0,8.0,14.792067855344188,2.64520699
2026,2,Seattle Seahawks,1442.4206282339912,111.4,60.3,226.0,131.40192919397,9.0,10.0,13.414018272677101,2.64520699
2026,2,Tampa Bay Buccaneers,1512.3482135017064,110.8,83.7,264.7,152.31030602936,18.0,17.0,15.80024222187852,2.64520699
2026,2,Tennessee Titans,1464.196058705814,82.00000000000001,100.8,241.2,141.46201742604,13.0,13.0,13.988136949495098,2.64520699
2026,2,Washington Commanders,1548.402459561304,56.2,98.3,190.7,115.68540640526001,4.0,5.0,19.50446301480938,2.64520699
2026,3,Arizona Cardinals,1483.7836361553054,108.4,113.8,246.3,156.06638367131,19.0,21.0,14.331653748094395,2.035659131
2026,3,Atlanta Falcons,1497.128329909537,121.4,64.4,219.5,133.84505284913,8.0,12.0,16.121721377357147,2.035659131
2026,3,Baltimore Ravens,1466.1941918168177,121.0,83.2,260.2,153.85737049018002,18.0,16.0,13.559606035851616,2.035659131
2026,3,Buffalo Bills,1491.5725100108912,83.9,99.9,239.1,141.04683572496,13.0,10.0,15.332798659873292,2.035659131
2026,3,Carolina Panthers,1505.7199871355072,73.89999999999999,112.8,234.2,140.81807065348,12.0,13.0,16.14420715006571,2.035659131
2026,3,Chicago Bears,1553.5712016945997,112.2,150.8,319.5,194.60891770945,30.0,29.0,16.704392528031903,2.035659131
2026,3,Cincinnati Bengals,1462.6671075822026,72.7,92.7,237.1,134.31095265692,10.0,5.0,14.19233203027391,2.035659131
2026,3,Cleveland Browns,1485.5478174562234,79.30000000000001,82.5,196.5,119.32107412668,4.0,4.0,15.949479831915845,2.035659131
2026,3,Dallas Cowboys,1548.1415251689198,93.3,104.5,273.4,157.01638042194998,20.0,14.0,17.445119711545292,2.035659131
2026,3,Denver Broncos,1582.1453821915106,163.20000000000002,113.6,302.6,191.96084936726,29.0,31.0,18.21350579408101,2.035659131
2026,3,Detroit Lions,1455.8127408636735,62.89999999999999,105.3,231.8,133.90668734731,9.0,7.0,13.95270818192007,2.035659131
2026,3,Green Bay Packers,1480.3510990100435,102.4,107.0,223.8,144.30872249068,14.0,19.0,14.668590992836888,2.035659131
2026,3,Houston Texans,1534.493933388058,100.1,117.0,278.3,165.19676374225003,22.0,20.0,16.565106464759744,2.035659131
2026,3,Indianapolis Colts,1522.4901107618166,101.9,104.3,229.7,145.15639413458,15.0,17.0,16.6771586998193,2.035659131
2026,3,Jacksonville Jaguars,1588.9013867963808,146.2,106.2,311.2,186.8428220255,28.0,28.0,18.63846488171774,2.035659131
2026,3,Kansas City Chiefs,1440.9200415126363,89.3,77.2,200.2,121.83280939096,5.0,6.0,13.618345534161174,2.035659131
2026,3,Las Vegas Raiders,1482.2645014557438,80.5,91.6,213.5,128.55123401871,6.0,8.0,15.580677481264257,2.035659131
2026,3,Los Angeles Chargers,1493.0197792681256,59.29999999999998,142.8,236.1,147.42781500909,16.0,15.0,15.09913771475549,2.035659131
2026,3,Los Angeles Rams,1452.8553327218253,54.60000000000001,82.7,190.9,109.74370416960001,0.0,0.0,14.718788698257972,2.035659131
2026,3,Miami Dolphins,1583.4540988223828,123.5,151.2,310.7,195.39346536162998,31.0,30.0,18.079047676183077,2.035659131
2026,3,Minnesota Vikings,1435.7997446725078,41.39999999999999,96.3,190.5,110.24601081492,1.0,1.0,13.767851942861745,2.035659131
2026,3,New England Patriots,1438.9339477158237,59.39999999999999,116.2,215.7,131.30558579537,7.0,9.0,13.319818901271091,2.035659131
2026,3,New Orleans Saints,1561.489236752397,97.3,139.0,298.9,178.91104565094997,27.0,26.0,17.400588948606128,2.035659131
2026,3,New York Giants,1525.0501964235227,137.0,97.4,280.9,170.78202169761,25.0,24.0,15.786723069826365,2.035659131
2026,3,New York Jets,1519.5927746490029,92.7,143.0,261.8,166.56007578026,23.0,25.0,15.71721086541988,2.035659131
2026,3,Philadelphia Eagles,1539.2321731441764,120.5,65.0,237.8,139.84564480634,11.0,11.0,17.907688966386182,2.035659131
2026,3,Pittsburgh Steelers,1431.959119738286,126.29999999999998,81.9,240.4,148.49968185539,17.0,18.0,11.996704631010752,2.035659131
2026,3,San Francisco 49ers,1486.905251713879,108.7,113.8,282.4,168.14057429512,24.0,22.0,13.98040091375762,2.035659131
2026,3,Seattle Seahawks,1458.9046014126313,135.5,87.3,268.2,162.53139459639,21.0,23.0,12.902390273688642,2.035659131
2026,3,Tampa Bay Buccaneers,1485.7583666380478,77.60000000000001,67.8,213.7,119.30669712365,3.0,3.0,16.06203305786093,2.035659131
2026,3,Tennessee Titans,1440.0202837566258,58.29999999999998,82.9,192.3,111.44570671886,2.0,2.0,13.87614104003365,2.035659131
2026,3,Washington Commanders,1565.3195926609003,120.5,119.9,278.2,172.62017756985,26.0,27.0,17.689604196511173,2.035659131
2026,4,Arizona Cardinals,1492.0737629835771,72.4,141.5,254.5,157.20645299364,20.0,20.0,14.771068992228805,1.585434349
2026,4,Atlanta Falcons,1518.7307230980957,141.89999999999998,120.0,302.5,187.46815689509,29.0,29.0,15.374463753617878,1.585434349
2026,4,Baltimore Ravens,1448.7876046263402,87.99999999999999,61.2,219.0,122.01690718902,3.0,2.0,13.979065264642834,1.585434349
2026,4,Buffalo Bills,1500.8899231216344,105.4,115.7,252.1,157.71527143194,21.0,24.0,15.123116408686275,1.585434349
2026,4,Carolina Panthers,1499.753654057648,82.20000000000002,109.6,229.9,140.87977836565,12.0,15.0,15.763216737181494,1.585434349
2026,4,Chicago Bears,1561.6409034706428,114.8,109.5,255.6,159.65390823981,23.0,25.0,17.91010032605079,1.585434349
2026,4,Cincinnati Bengals,1442.3402461989926,84.10000000000001,87.7,183.0,118.18943790683001,1.0,6.0,13.821004790284022,1.585434349
2026,4,Cleveland Browns,1506.3950740536236,126.0,92.9,321.5,179.19830619764002,28.0,22.0,14.85076010208218,1.585434349
2026,4,Dallas Cowboys,1526.4695743004715,86.19999999999999,55.3,234.7,124.57775498715999,4.0,1.0,17.669409195100098,1.585434349
2026,4,Denver Broncos,1572.3849680048315,100.5,88.4,240.3,142.62311036323,13.0,13.0,19.15630296696644,1.585434349
2026,4,Detroit Lions,1461.338317587267,57.8,105.3,267.7,144.21151980782,17.0,5.0,13.514786798280994,1.585434349
2026,4,Green Bay Packers,1469.8616766825592,77.60000000000001,106.3,222.8,135.90879102813,8.0,9.0,14.6161190049279,1.585434349
2026,4,Houston Texans,1548.667271310847,94.4,120.3,292.9,169.40828910943998,26.0,21.0,17.06028077937843,1.585434349
2026,4,Indianapolis Colts,1513.7374167456194,110.9,83.8,226.1,139.56793067895,11.0,17.0,16.52069155163562,1.585434349
2026,4,Jacksonville Jaguars,1573.9270632852856,101.5,85.7,229.6,138.43521880665,10.0,12.0,19.44493445631483,1.585434349
2026,4,Kansas City Chiefs,1434.8086771351566,105.5,87.4,219.0,136.77888091154,9.0,16.0,12.854694066225143,1.585434349
2026,4,Las Vegas Raiders,1506.5177231811404,149.5,121.2,333.0,200.40955328412,30.0,30.0,14.702474914401776,1.585434349
2026,4,Los Angeles Chargers,1497.4771021186837,126.0,86.0,233.0,147.3958512161,18.0,19.0,15.188579360999995,1.585434349
2026,4,Los Angeles Rams,1434.8081817879006,71.00000000000001,85.8,205.0,120.68839130527999,2.0,3.0,13.38309570831979,1.585434349
2026,4,Miami Dolphins,1564.0921169038666,50.5,135.3,215.5,135.17067545558,7.0,10.0,19.212414806534614,1.585434349
2026,4,Minnesota Vikings,1415.7761775974861,43.8,85.60000000000001,202.9,111.34294059691001,0.0,0.0,12.629704337900517,1.585434349
2026,4,New England Patriots,1428.204848393801,113.0,46.4,244.9,133.27463305431,6.0,4.0,12.767293346955615,1.585434349
2026,4,New Orleans Saints,1562.6638826771884,101.0,90.1,275.0,154.89553099881,19.0,14.0,18.259101503930125,1.585434349
2026,4,New York Giants,1522.4564136936392,100.6,76.5,255.9,143.63324994468,15.0,8.0,16.63600765400311,1.585434349
2026,4,New York Jets,1542.7558800640252,130.6,160.6,335.0,209.01259849992,31.0,31.0,16.390057034129278,1.585434349
2026,4,Philadelphia Eagles,1537.2149204165928,89.30000000000001,107.1,235.1,143.96251619332,16.0,18.0,17.272365978986087,1.585434349
2026,4,Pittsburgh Steelers,1434.3980097240374,45.6,140.8,237.2,142.7667222678,14.0,11.0,12.461689702074683,1.585434349
2026,4,San Francisco 49ers,1471.1902693385987,96.9,77.8,224.7,132.57146746192998,5.0,7.0,14.91209909460607,1.585434349
2026,4,Seattle Seahawks,1480.0657892241215,113.5,121.7,279.8,171.57856688531,27.0,28.0,13.652750506611966,1.585434349
2026,4,Tampa Bay Buccaneers,1501.8342379193264,89.6,142.4,272.5,168.92149567335,25.0,27.0,14.860273122366538,1.585434349
2026,4,Tennessee Titans,1454.5823729954209,134.89999999999998,94.7,251.3,159.3446304071,22.0,26.0,12.81507900470303,1.585434349
2026,4,Washington Commanders,1574.1552203015801,98.5,121.3,268.8,163.05663857417,24.0,23.0,18.426998729873077,1.585434349
