season,through_week,target_week,team_a_id,team_a,team_b_id,team_b,team_a_playoff_if_win,team_a_playoff_if_loss,team_b_playoff_if_win,team_b_playoff_if_loss,team_a_swing,team_b_swing,combined_swing,team_a_win_samples,team_b_win_samples
2026,4,5,0001,Dallas Cowboys,0004,Washington Commanders,52.774193548387096,27.81045751633987,93.92156862745098,79.61290322580645,24.963736032047226,14.308665401644532,39.272401433691755,3875,6120
2026,4,5,0002,New York Giants,0003,Philadelphia Eagles,55.54934302488118,25.92361652377241,80.06235385814497,51.32792843164663,29.625726501108772,28.73442542649834,58.36015192760711,3577,6415
2026,4,5,0005,Chicago Bears,0007,Green Bay Packers,97.01337037680153,85.87316611452911,51.06483672503549,24.778607397117554,11.14020426227242,26.286229327917937,37.426433590190356,5759,4226
2026,4,5,0006,Detroit Lions,0008,Minnesota Vikings,8.745476477683956,2.0721259214983063,2.53038453875274,0.12062726176115801,6.67335055618565,2.409757276991582,9.083107833177232,4974,5019
2026,4,5,0009,Atlanta Falcons,0012,Tampa Bay Buccaneers,59.14072775098641,33.26583210603829,33.76288659793815,12.03419552827707,25.87489564494812,21.728691069661078,47.60358671460919,4562,5432
2026,4,5,0010,Carolina Panthers,0011,New Orleans Saints,55.23625310859354,29.026187862631332,97.69484083424807,89.08538270240398,26.210065245962205,8.609458131844093,34.8195233778063,3619,6377
2026,4,5,0013,Arizona Cardinals,0015,San Francisco 49ers,72.48526335805286,46.20427151617678,31.613448932120956,9.906826392850352,26.28099184187608,21.706622539270604,47.987614381146685,5259,4729
2026,4,5,0014,Los Angeles Rams,0016,Seattle Seahawks,4.288996681133521,0.6415528869879915,58.266162197729884,33.64820015317845,3.6474437941455298,24.617962044551433,28.265405838696964,3917,6079
2026,4,5,0017,Buffalo Bills,0019,New England Patriots,53.06292772492072,28.01799550112472,2.799300174956261,0.40060090135202797,25.044932223796,2.398699273604233,27.443631497400233,5991,4001
2026,4,5,0018,Miami Dolphins,0020,New York Jets,81.35554013416609,54.922371206774876,87.24417784050812,66.94425167707611,26.433168927391215,20.299926163432005,46.73309509082322,4323,5668
2026,4,5,0021,Baltimore Ravens,0023,Cleveland Browns,38.68137377788919,13.612129290236588,87.90403198933689,65.7808974680371,25.069244487652604,22.12313452129979,47.19237900895239,3989,6002
2026,4,5,0022,Cincinnati Bengals,0024,Pittsburgh Steelers,12.76595744680851,3.1602254428341388,17.834138486312398,5.20978325710877,9.60573200397437,12.624355229203628,22.230087233177997,5029,4968
2026,4,5,0025,Houston Texans,0027,Jacksonville Jaguars,82.73532152842498,58.84831460674157,91.62570224719101,74.74370922646784,23.887006921683408,16.881993020723172,40.76899994240658,4292,5696
2026,4,5,0026,Indianapolis Colts,0028,Tennessee Titans,73.35806240453852,46.47548566142461,33.48751156336725,12.415448396247001,26.88257674311391,21.07206316712025,47.95463991023416,4583,5405
2026,4,5,0029,Denver Broncos,0031,Las Vegas Raiders,58.29078801331854,30.361050328227574,81.87454412837344,56.958934517203105,27.929737685090966,24.91560961117034,52.84534729626131,4505,5484
2026,4,5,0030,Kansas City Chiefs,0032,Los Angeles Chargers,19.566514217538277,5.601450735442272,37.255692121700584,15.390733744283159,13.965063482096005,21.864958377417423,35.83002185951343,5029,4963
